"","Yindex","MedFailTimeMLEboot","MedFailTimeSEboot","MedFailTimeCIboot.Lower","MedFailTimeCIboot.Upper"
"1",0,0,0,0,0
"2",1,182.172149677564,33.048822993426,122.291626125973,251.614582442385
"3",2,195.389065263485,32.0174178757238,136.713521958788,262.033095262567
"4",3,203.594506451063,31.2738781646479,145.718524934665,268.187993800318
"5",4,209.641296062722,30.6781081370149,152.30291900941,272.644719142971
"6",5,214.465445714059,30.1748132218728,157.721356529366,276.246256716181
"7",6,218.496724282596,29.7357713100399,162.430825456436,279.056903962564
"8",7,221.969747298533,29.3443974359832,166.579734213045,281.536025693329
"9",8,225.027218854324,28.9900214272722,170.246943679631,283.702431864538
"10",9,227.762661567531,28.6653280950345,173.550291095462,285.668600263685
"11",10,230.240819046428,28.3650598732813,176.561046850373,287.496714945448
"12",11,232.50843672103,28.0852974360572,179.330989951132,289.161367017852
"13",12,234.600408949526,27.8230326495473,181.764112902118,290.690266902593
"14",13,236.543498691344,27.5759010865674,184.006845659125,292.104575231331
"15",14,238.358698560328,27.3420070500168,186.234101509438,293.31798031182
"16",15,240.062789651259,27.1198049282733,188.332925545903,294.338013135845
"17",16,241.669405229494,26.9080162806808,190.316721139168,295.29588927894
"18",17,243.189777214921,26.7055703801102,192.141436144175,296.2769143735
"19",18,244.633272877046,26.5115606164626,193.957299577188,297.255629308417
"20",19,246.007788911226,26.3252119026727,195.691640097366,298.22099575456
"21",20,247.320046200484,26.1458558857951,197.352185629953,299.242879710237
"22",21,248.575813937469,25.9729118055042,198.931173696279,300.22557319077
"23",22,249.780082547518,25.8058715113262,200.477620994285,301.016214365772
"24",23,250.937198873537,25.6442875909748,201.953321069211,301.869810518811
"25",24,252.050973120001,25.4877638593437,203.37711772104,302.689762109046
"26",25,253.124764371726,25.335947661908,204.752924383564,303.478735667385
"27",26,254.161549654452,25.1885235891027,206.084217291008,304.239090008667
"28",27,255.163980208175,25.0452082997486,207.374099033126,304.972922036352
"29",28,256.134427721199,24.9057462248053,208.625350887984,305.682104307906
"30",29,257.075022606388,24.7699059762458,209.749568753499,306.368316080676
"31",30,257.987685913383,24.6374773254573,210.864242097572,307.01709488561
"32",31,258.87415610942,24.5082686452221,211.999655479202,307.532894358422
"33",32,259.736011690985,24.3821047317701,213.105418076271,308.033401940834
"34",33,260.574690383985,24.2588249405313,214.183216511331,308.51953678145
"35",34,261.391505533833,24.1382815824398,215.234594021014,308.992137003544
"36",35,262.187660166444,24.0203385379138,216.26096645849,309.451968991932
"37",36,262.964259107539,23.9048700537012,217.263636108388,309.899735383471
"38",37,263.722319474358,23.7917596941403,218.243803665103,310.336081972754
"39",38,264.462779796007,23.6808994234513,219.202578661273,310.761603705308
"40",39,265.186507972744,23.5721887997292,220.159843515213,311.176849899474
"41",40,265.894308247704,23.4655342645718,221.112268434475,311.582328813277
"42",41,266.586927335005,23.3608485149295,222.045633376662,311.978511652591
"43",42,267.265059824229,23.2580499459186,222.898605355859,312.365836100811
"44",43,267.929352961755,23.1570621551094,223.792096940784,312.848188888989
"45",44,268.580410893512,23.0578135002583,224.609469606467,313.321115650879
"46",45,269.218798440559,22.9602367036557,225.392811587777,313.784349146986
"47",46,269.845044468098,22.8642684972682,226.212007101961,314.238302924918
"48",47,270.459644899514,22.7698493036846,227.016891898951,314.619236336032
"49",48,271.063065419531,22.6769229485821,227.71254803964,315.035235690038
"50",49,271.655743904327,22.5854364010151,228.472250924233,315.338201554927
"51",50,272.238092611134,22.495339538332,229.268289130051,315.77830439536
"52",51,272.810500155436,22.4065849329441,229.92351615795,316.210517381326
"53",52,273.373333300098,22.319127658534,230.567118366668,316.635137573915
"54",53,273.926938577559,22.2329251135973,231.286261674474,316.964253349602
"55",54,274.471643763499,22.1479368604735,232.051932382386,317.309045463642
"56",55,275.00775921806,22.0641244782486,232.806421669408,317.694605672363
"57",56,275.535579108694,21.9814514281088,233.550100720102,318.073877009322
"58",57,276.055382527003,21.8998829298893,234.232259848057,318.447075690948
"59",58,276.567434510447,21.8193858487099,234.889915961047,318.814406885299
"60",59,277.071986978509,21.7399285907185,235.538477005368,319.176065455989
"61",60,277.569279591799,21.6614810070672,236.178226942057,319.555153751665
"62",61,278.059540541616,21.5840143053497,236.809436358264,319.927302888085
"63",62,278.542987276625,21.5075009678067,237.432363304633,320.263244938813
"64",63,279.019827172603,21.4319146756848,238.047254067679,320.594334437805
"65",64,279.490258150526,21.3572302391949,238.654343883148,320.920720047776
"66",65,279.954469247722,21.2834235325774,239.25385759573,321.242543656021
"67",66,280.412641146332,21.2104714338292,239.846010269903,321.563337705816
"68",67,280.864946662846,21.1383517686931,240.43100775622,321.885595525645
"69",68,281.311551202128,21.0670432585505,240.978599968124,322.203567203815
"70",69,281.75261317898,20.9965254718925,241.508285150346,322.517374419245
"71",70,282.188284410005,20.9267787790753,242.03177268436,322.827133707642
"72",71,282.618710478255,20.8577843100956,242.549227065125,323.132956748837
"73",72,283.044031072898,20.7895239151448,243.060806208524,323.43495063427
"74",73,283.46438030595,20.7219801277232,243.633663443032,323.733218116253
"75",74,283.879887007905,20.6551361301161,244.253038882981,324.027857840488
"76",75,284.290675003931,20.5889757210512,244.836508715734,324.318964563166
"77",76,284.696863372155,20.523483285372,245.317584565339,324.606629353867
"78",77,285.098566685421,20.458643765578,245.793559598246,324.831827825714
"79",78,285.495895237763,20.3944426350933,246.264557278388,325.065529291156
"80",79,285.888955256764,20.3308658731385,246.751937439961,325.33539991299
"81",80,286.277849102829,20.267899941091,247.254796100121,325.602242556871
"82",81,286.662675456337,20.2055317602283,247.770936664669,325.866130534491
"83",82,287.043529493551,20.1437486907576,248.300131246498,326.127134513896
"84",83,287.420503052094,20.0825385120416,248.824310778539,326.385322645746
"85",84,287.793684786709,20.0218894039411,249.343586782246,326.640760682104
"86",85,288.163160316008,19.961789929197,249.855897468834,326.893512088282
"87",86,288.529012360807,19.9022290167829,250.270837128888,327.143638148221
"88",87,288.891320874638,19.8431959461647,250.757318148019,327.392753430768
"89",88,289.250163166951,19.784680332408,251.239436957009,327.687680306874
"90",89,289.60561401951,19.726672112078,251.717285447752,327.933977271847
"91",90,289.957745796416,19.6691615298821,252.190952592487,328.151295508732
"92",91,290.306628548172,19.6121391260081,252.660524567872,328.412476209927
"93",92,290.652330110194,19.5555957241144,253.126084872502,328.671151467454
"94",93,290.994916196098,19.4995224199324,253.587714438252,328.927374012553
"95",94,291.334450486101,19.4439105704436,254.016862351767,329.139060551627
"96",95,291.670994710852,19.3887517835962,254.436498575606,329.346461266742
"97",96,292.004608730953,19.3340379085297,254.85265688053,329.551934264289
"98",97,292.335350612459,19.2797610262774,255.313400218993,329.755518674172
"99",98,292.663276698573,19.2259134409175,255.799767129363,329.960096701212
"100",99,292.988441677789,19.1724876711493,256.2589005067,330.180836624612
"101",100,293.310898648679,19.1194764422673,256.637653167598,330.39962700389
"102",101,293.630699181518,19.0668726785128,257.013401062528,330.634281425073
"103",102,293.947893376947,19.0146694957805,257.386200095068,330.869121822076
"104",103,294.262529921825,18.9628601946609,257.808420511369,331.101967404856
"105",104,294.574656142445,18.9114382537998,258.228820761326,331.332855772546
"106",105,294.884318055255,18.8603973235576,258.557114772314,331.56182346937
"107",106,295.191560415226,18.8097312199519,258.949580177021,331.788906023984
"108",107,295.496426761994,18.7594339188687,259.389834550423,332.014137986996
"109",108,295.798959463905,18.709499550528,259.826981078558,332.237552966769
"110",109,296.09919976007,18.6599223941891,260.26107320591,332.459183663587
"111",110,296.397187800542,18.6106968730852,260.692162994972,332.679061902288
"112",111,296.692962684709,18.5618175495736,261.115255328312,332.897218663438
"113",112,296.986562498007,18.5132791204918,261.493874078679,333.046712396868
"114",113,297.278024347029,18.4650764127076,261.869884985988,333.18291401381
"115",114,297.567384393127,18.417204378855,262.27777308869,333.318048258146
"116",115,297.854677884572,18.3696580932457,262.650984682636,333.470949800853
"117",116,298.139939187352,18.3224327479477,262.982698198863,333.663047645389
"118",117,298.423201814678,18.2755236490226,263.348700039561,333.853715859078
"119",118,298.704498455258,18.2289262129143,263.712300066989,334.04297830511
"120",119,298.983861000406,18.1826359629818,264.073536529987,334.23085825538
"121",120,299.261320570036,18.1366485261686,264.43244676569,334.417378409988
"122",121,299.536907537606,18.0909596298028,264.789067228694,334.602560915931
"123",122,299.810651554052,18.0455650985217,265.143433519058,334.786427385048
"124",123,300.082581570769,18.0004608513149,265.49558040919,334.968998911232
"125",124,300.352725861678,17.9556428986803,265.845541869683,335.150296086955
"126",125,300.621112044427,17.9111073398882,266.193351094141,335.330339019143
"127",126,300.887767100767,17.8668503603485,266.539040523047,335.510714791795
"128",127,301.152717396135,17.822868229076,266.88264186671,335.709426006905
"129",128,301.41598869849,17.7791572962495,267.224186127348,335.906810603662
"130",129,301.677606196429,17.735713990861,267.563703620323,336.083664150257
"131",130,301.937594516618,17.6925348184508,267.901223994598,336.223924382091
"132",131,302.195977740566,17.6496163589237,268.236776252415,336.409850837612
"133",132,302.452779420787,17.6069552644447,268.570388768262,336.578681819146
"134",133,302.708022596349,17.5645482574096,268.89211255321,336.727793855204
"135",134,302.961729807859,17.5223921284865,269.186385733333,336.893492884245
"136",135,303.213923111912,17.4804837347276,269.478962471735,337.036650679241
"137",136,303.464624095002,17.4388199977455,269.769866697879,337.178896313216
"138",137,303.713853886944,17.3973979019538,270.059121839578,337.320243004682
"139",138,303.961633173819,17.356214492867,270.346750837116,337.460703689225
"140",139,304.207982210454,17.3152668754599,270.632776156877,337.628270398723
"141",140,304.452920832472,17.274552212581,270.917219804499,337.807062528826
"142",141,304.696468467919,17.2340677234207,271.259717449538,337.98478169578
"143",142,304.938644148487,17.1938106820297,271.616527909815,338.161442824701
"144",143,305.179466520354,17.1537784158871,271.971511049247,338.337060534129
"145",144,305.418953854654,17.1139683045155,272.295885690209,338.51164914444
"146",145,305.657124057592,17.0743777781416,272.595050066208,338.685222685962
"147",146,305.893994680217,17.0350043164,272.89266224476,338.828156856408
"148",147,306.129582927871,16.9958454470792,273.188742480668,338.988008897812
"149",148,306.363905669326,16.9568987449077,273.502790394341,339.128584404595
"150",149,306.596979445612,16.9181618303786,273.792593964408,339.268355181771
"151",150,306.828820478566,16.8796323686117,274.08093704306,339.40733190158
"152",151,307.059444679097,16.8413080682512,274.367838226432,339.545525027963
"153",152,307.288867655184,16.8031866803978,274.653315760983,339.682944821985
"154",153,307.517104719622,16.7652659975742,274.93738755236,339.819601347087
"155",154,307.744170897511,16.7275438527219,275.220071173976,339.955504474173
"156",155,307.970080933523,16.6900181182295,275.501383875318,340.090663886528
"157",156,308.194849298925,16.6526867049898,275.781342589996,340.225089084577
"158",157,308.418490198391,16.6155475614864,276.059963943547,340.358789390506
"159",158,308.641017576603,16.5785986729065,276.337264260989,340.491773952723
"160",159,308.862445124641,16.5418380602814,276.613259574152,340.62405175019
"161",160,309.082786286183,16.5052637796517,276.887965628779,340.755631596617
"162",161,309.302054263518,16.4688739212574,277.161397891419,340.886522144528
"163",162,309.520262023367,16.4326666087519,277.434073514035,341.0167318892
"164",163,309.737422302539,16.3966399984387,277.704501550834,341.145286352939
"165",164,309.953547613413,16.3607922785302,277.974202543865,341.226647288713
"166",165,310.168650249257,16.3251216684281,278.242688949812,341.319020155329
"167",166,310.382742289388,16.2896264180239,278.509974935576,341.463320392905
"168",167,310.595835604187,16.25430480702,278.776074426091,341.606903089815
"169",168,310.807941859958,16.219155144269,279.041001109912,341.749776767337
"170",169,311.019072523656,16.1841757671331,279.304768444637,341.891949798799
"171",170,311.229238867467,16.1493650408596,279.57773977982,342.03343041301
"172",171,311.438451973269,16.114721357975,279.828877773863,342.159312055582
"173",172,311.646722736956,16.0802431376958,280.118982355637,342.283149004064
"174",173,311.854061872643,16.0459288253546,280.407250839392,342.40638923435
"175",174,312.060479916755,16.0117768918428,280.668403448011,342.529039622516
"176",175,312.265987231995,15.9777858330682,280.928463063129,342.651106929129
"177",176,312.470594011206,15.9439541694267,281.187441767425,342.772597801848
"178",177,312.674310281127,15.910280445289,281.445351449307,342.893518777945
"179",178,312.877145906041,15.8767632285007,281.692249790676,343.013876286771
"180",179,313.079110591326,15.8434011098954,281.925692608679,343.133676652135
"181",180,313.280213886909,15.8101927028207,282.158172996032,343.252926094632
"182",181,313.480465190624,15.7771366426776,282.408670075455,343.371630733902
"183",182,313.679873751484,15.7442315864703,282.647558137567,343.489796590824
"184",183,313.878448672862,15.711476212369,282.882808556826,343.607429589659
"185",184,314.076198915586,15.6788692192837,283.130658438956,343.732690996756
"186",185,314.273133300954,15.6464093264485,283.377536763119,343.872317046591
"187",186,314.469260513672,15.6140952730172,283.623453758246,344.011334833503
"188",187,314.664589104709,15.5819258176686,283.868419497794,344.149750889043
"189",188,314.859127494082,15.5498997382223,284.112443902961,344.287571643209
"190",189,315.052883973566,15.5180158312635,284.35553674581,344.424803426567
"191",190,315.245866709337,15.4862729117782,284.59770765231,344.561452472322
"192",191,315.438083744546,15.4546698127965,284.838966105313,344.697524918327
"193",192,315.629543001823,15.4232053850453,285.07932144744,344.833026809054
"194",193,315.820252285724,15.3918784966093,285.318782883902,344.967964097498
"195",194,316.010219285114,15.3606880326006,285.557359485253,345.102342647047
"196",195,316.199451575486,15.329632894836,285.795060190067,345.236168233294
"197",196,316.387956621229,15.2987120015228,286.03189380755,345.369446545808
"198",197,316.57574177783,15.2679242869511,286.267869020097,345.502183189864
"199",198,316.762814294035,15.2372687011945,286.502994385769,345.634383688121
"200",199,316.949181313943,15.2067442098177,286.772858272458,345.766053482266
"201",200,317.134849879055,15.1763497935907,287.044095413308,345.897939125379
"202",201,317.319826930275,15.1460844482101,287.314409621746,346.030358417802
"203",202,317.504119309861,15.1159471840271,287.576910196449,346.162256469242
"204",203,317.687733763321,15.0859370257816,287.810381733301,346.293638475377
"205",204,317.87067694128,15.0560530123424,288.017770235881,346.417516568232
"206",205,318.052955401284,15.0262941964539,288.224427700271,346.5548747648
"207",206,318.234575609575,14.9966596444884,288.43036119771,346.684739074053
"208",207,318.415543942816,14.9671484362039,288.635577702255,346.814107392694
"209",208,318.595866689781,14.937759664508,288.840084092608,346.928059735604
"210",209,318.775550052997,14.9084924352264,289.043887153889,347.05470506303
"211",210,318.95460015036,14.8793458668775,289.261166284367,347.180874631724
"212",211,319.133023016699,14.8503190904514,289.4859700245,347.306573026063
"213",212,319.310824605318,14.8214112491945,289.710031934056,347.43180476749
"214",213,319.488010789492,14.7926214983983,289.929240771507,347.556574315686
"215",214,319.664587363932,14.7639490051932,290.136768117274,347.661332169005
"216",215,319.840560046221,14.735392948347,290.343612333553,347.761867042654
"217",216,320.015934478208,14.7069525180679,290.549779763837,347.862030623163
"218",217,320.190716227383,14.6786269158111,290.755276668844,347.961826414233
"219",218,320.364910788206,14.6504153540908,290.960109227995,348.061257872631
"220",219,320.538523583422,14.6223170562954,291.164283540863,348.160328409044
"221",220,320.711559965334,14.5943312565067,291.367805628588,348.259041388905
"222",221,320.884025217056,14.566457199324,291.570681435262,348.372744251245
"223",222,321.055924553732,14.5386941396907,291.772916829276,348.492278831692
"224",223,321.227263123735,14.5110413427253,291.974517604652,348.611396655595
"225",224,321.398046009834,14.4834980835563,292.186112697023,348.730101537236
"226",225,321.568278230339,14.4560636471595,292.406066408655,348.848397241698
"227",226,321.737964740218,14.4287373282001,292.66180807098,348.966287485735
"228",227,321.907110432194,14.4015184308771,292.939907268119,349.08377593861
"229",228,322.075720137817,14.3744062687714,293.199540861427,349.200866222923
"230",229,322.243798628507,14.347400164697,293.418841978105,349.317561915413
"231",230,322.411350616589,14.3204994505553,293.675369037045,349.433866547756
"232",231,322.578380756288,14.2937034671925,293.931179348092,349.549783607331
"233",232,322.74489364472,14.2670115642595,294.186279162903,349.665316537981
"234",233,322.910893822848,14.2404231000756,294.440674658894,349.780468740749
"235",234,323.076385776429,14.2139374414936,294.628508845003,349.895243574607
"236",235,323.241373936935,14.1875539637692,294.803100046758,350.009644357166
"237",236,323.405862682454,14.1612720504319,294.977171523963,350.123674365367
"238",237,323.569856338581,14.1350910931588,295.150727767883,350.237336836162
"239",238,323.733359179278,14.1090104916515,295.32377321643,350.350634967184
"240",239,323.896375427728,14.0830296535144,295.502703463925,350.463571917395
"241",240,324.058909257161,14.0571479941365,295.708517649857,350.576150807729
"242",241,324.220964791677,14.0313649365747,295.913759707897,350.688374721713
"243",242,324.382546107036,14.00567991144,296.118434489394,350.800246706086
"244",243,324.543657231444,13.9800923567858,296.322546789953,350.910648381053
"245",244,324.70430214632,13.9546017179979,296.52610135032,351.016744637922
"246",245,324.864484787045,13.9292074476876,296.729102857265,351.122512037856
"247",246,325.0242090437,13.903909005586,296.931555944433,351.227953368101
"248",247,325.183478761786,13.8787058584405,297.133465193186,351.333071383337
"249",248,325.342297742934,13.853597479914,297.334835133426,351.437868806195
"250",249,325.500669745596,13.8285833504851,297.535670244406,351.542348327775
"251",250,325.658598485724,13.8036629573511,297.735974955516,351.646512608142
"252",251,325.816087637441,13.7788357943315,297.972454726175,351.750364276819
"253",252,325.97314083369,13.7541013617754,298.222286303167,351.853905933268
"254",253,326.12976166688,13.7294591664685,298.442362611395,351.957140147366
"255",254,326.285953689508,13.7049087215434,298.678466525139,352.060069459861
"256",255,326.441720414783,13.6804495463906,298.897245779542,352.162696382836
"257",256,326.597065317225,13.656081166572,299.113187126776,352.265023400144
"258",257,326.751991833264,13.6318031137354,299.32859358101,352.367052967853
"259",258,326.906503361815,13.6076149255307,299.543469475464,352.46878751467
"260",259,327.060603264856,13.5835161455278,299.757819097335,352.570229442363
"261",260,327.214294867986,13.5595063231361,299.971646688485,352.671381126172
"262",261,327.367581460973,13.5355850135251,300.184956446125,352.761490862158
"263",262,327.520466298296,13.5117517775468,300.377926715297,352.846612757168
"264",263,327.672952599674,13.4880061816594,300.556854004932,352.931491199223
"265",264,327.825043550586,13.4643477978523,300.735335456332,353.016128144514
"266",265,327.97674230278,13.4407762035727,300.913374618611,353.100525527988
"267",266,328.128051974777,13.4172909816533,301.090975003886,353.184685263672
"268",267,328.278975652358,13.3938917202412,301.268140087817,353.26860924498
"269",268,328.429516389051,13.3705780127284,301.444873310149,353.352299345024
"270",269,328.579677206605,13.3473494576835,301.621178075234,353.435757416915
"271",270,328.729461095451,13.3242056587842,301.797057752548,353.518985294056
"272",271,328.878871015164,13.3011462247515,301.968731830272,353.601984790438
"273",272,329.027909894909,13.2781707692848,302.114886731651,353.684757700921
"274",273,329.176580633884,13.2552789109981,302.279064317416,353.767305801515
"275",274,329.324886101749,13.2324702733575,302.472334028543,353.849630849657
"276",275,329.472829139056,13.2097444846197,302.665162427448,353.931734584477
"277",276,329.620412557665,13.1871011777715,302.843593395264,354.013618727069
"278",277,329.767639141154,13.1645399904705,303.016588978062,354.095284980748
"279",278,329.914511645221,13.1420605649866,303.189185232308,354.184160829861
"280",279,330.061032798084,13.119662548145,303.361385235351,354.313046674372
"281",280,330.207205300865,13.0973455912692,303.533192034345,354.441612029965
"282",281,330.353031827977,13.0751093501261,303.713436264265,354.550675756239
"283",282,330.4985150275,13.0529534848715,303.9144661603,354.630156643124
"284",283,330.643657521545,13.0308776599965,304.112844807543,354.742695590676
"285",284,330.788461906625,13.0088815442744,304.318370250217,354.848793301541
"286",285,330.932930754004,12.9869648107098,304.51967926623,354.968660665467
"287",286,331.077066610055,12.9651271364871,304.72198660899,355.090346362666
"288",287,331.220871996599,12.9433682029205,304.945895088216,355.211738578227
"289",288,331.364349411247,12.9216876954052,305.133286370804,355.332839526825
"290",289,331.507501327734,12.9000853033687,305.320704158696,355.453651401655
"291",290,331.650330196245,12.8785607202231,305.519923505938,355.574176374728
"292",291,331.792838443737,12.8571136433186,305.703668475823,355.674971502076
"293",292,331.935028474259,12.8357437738974,305.889420532103,355.767949735522
"294",293,332.076902669258,12.8144508170483,306.066406651568,355.860703525032
"295",294,332.218463387893,12.7932344816622,306.249416531216,355.95323454255
"296",295,332.359712967328,12.7720944803885,306.40110292201,356.045544444052
"297",296,332.500653723035,12.7510305295917,306.567925115826,356.135054912666
"298",297,332.641287949085,12.7300423493091,306.734400163237,356.221801354271
"299",298,332.78161791843,12.7091296632091,306.9005306455,356.308342376001
"300",299,332.92164588319,12.6882921985501,307.066319120533,356.394679492203
"301",300,333.061374074929,12.6675296861404,307.231768123232,356.480814203024
"302",301,333.200804704928,12.6468418602977,307.396880165771,356.566747994602
"303",302,333.339939964455,12.6262284588108,307.561657737903,356.65248233925
"304",303,333.478782025026,12.6056892229008,307.70996678144,356.738018695644
"305",304,333.617333038672,12.5852238971827,307.870915056347,356.823358509
"306",305,333.755595138187,12.564832229629,308.047682771298,356.902060493782
"307",306,333.893570437385,12.5445139715321,308.217472349142,356.979057253929
"308",307,334.031261031347,12.5242688774689,308.380614151252,357.055878022864
"309",308,334.168668996666,12.5040967052646,308.543435966867,357.132524075269
"310",309,334.305796391686,12.4839972159579,308.705940136814,357.208996674266
"311",310,334.442645256738,12.4639701737667,308.868128981732,357.285297071566
"312",311,334.579217614376,12.4440153460537,309.030004802341,357.361426507619
"313",312,334.715515469603,12.4241325032933,309.191569879691,357.43738621176
"314",313,334.851540810097,12.4043214190385,309.352826475417,357.513177402355
"315",314,334.987295606436,12.3845818698885,309.51377683199,357.588801286938
"316",315,335.122781812315,12.3649136354566,309.674423172958,357.690786147569
"317",316,335.258001364761,12.345316498339,309.834767703189,357.805362488445
"318",317,335.392956184346,12.3257902440837,309.994812609107,357.915524812268
"319",318,335.527648175396,12.3063346611598,310.154560058926,357.998257640663
"320",319,335.662079226197,12.2869495409274,310.281164712112,358.079012849313
"321",320,335.796251209198,12.2676346776084,310.425947386518,358.154511051349
"322",321,335.930165981207,12.2483898682569,310.584119909946,358.233602152565
"323",322,336.063825383595,12.2292149127304,310.790618036989,358.327437770688
"324",323,336.197231242484,12.2101096136618,310.948910108138,358.409301188373
"325",324,336.330385368938,12.1910737764311,311.100190307549,358.490994395655
"326",325,336.463289559154,12.1721072091381,311.26464184779,358.572518592215
"327",326,336.595945594647,12.1532097225753,311.422085593847,358.655558507959
"328",327,336.728355242429,12.134381130201,311.579250615196,358.751028162285
"329",328,336.860520255192,12.115621248113,311.736138910074,358.846307029075
"330",329,336.992442371485,12.0969298950227,311.892752460859,358.941396448522
"331",330,337.124123315888,12.0783068922295,312.049093234271,359.036297749765
"332",331,337.255564799184,12.0597520635956,312.205163181558,359.131012251023
"333",332,337.38676851853,12.0412652355209,312.360964238694,359.225541259735
"334",333,337.51773615762,12.0228462369188,312.574270140051,359.319886072685
"335",334,337.648469386857,12.0044948991918,312.801062844795,359.41404797614
"336",335,337.778969863508,11.9862110562075,313.027522852841,359.508028245974
"337",336,337.90923923187,11.9679945442757,313.214288953295,359.611971133713
"338",337,338.039279123424,11.9498452021246,313.357667543541,359.695448937072
"339",338,338.169091156991,11.931762870878,313.500801947562,359.788891859258
"340",339,338.298676938888,11.9137473940331,313.643693895794,359.882158149911
"341",340,338.428038063077,11.8957986174381,313.798251105885,359.975249034812
"342",341,338.557176111314,11.8779163892702,313.935628459055,360.068165730087
"343",342,338.686092653299,11.8601005600138,314.072774660815,360.144977575067
"344",343,338.814789246815,11.8423509824396,314.212871282012,360.207258896214
"345",344,338.943267437878,11.824667511583,314.354576452475,360.304646829843
"346",345,339.071528760874,11.807050004724,314.496049278714,360.401149743395
"347",346,339.199574738699,11.789498321366,314.637291402246,360.494554696944
"348",347,339.327406882894,11.7720123232159,314.802279297794,360.56956422793
"349",348,339.455026693786,11.7545918741644,314.980350687282,360.644367542034
"350",349,339.582435660614,11.7372368402656,315.158157432436,360.725143187797
"351",350,339.709635261669,11.7199470897183,315.33570144185,360.805772053611
"352",351,339.836626964414,11.7027224928465,315.512984610702,360.886255146027
"353",352,339.963412225622,11.6855629220803,315.690008820915,360.966593463985
"354",353,340.089992491495,11.6684682519376,315.86371902557,361.046787998901
"355",354,340.216369197794,11.6514383590052,316.014814877633,361.126839734757
"356",355,340.342543769957,11.634473121921,316.165681703917,361.206749648185
"357",356,340.468517623225,11.6175724213557,316.31632113094,361.286518708557
"358",357,340.594292162759,11.6007361399953,316.466734773881,361.366147878069
"359",358,340.719868783759,11.5839641625234,316.616924236715,361.445638111826
"360",359,340.845248871582,11.567256375604,316.766891112339,361.524990357919
"361",360,340.970433801854,11.5506126678641,316.916636982711,361.604205557517
"362",361,341.095424940587,11.5340329298774,317.066163418969,361.683284644936
"363",362,341.220223644289,11.517517054147,317.219089766192,361.771579076692
"364",363,341.344831260076,11.5010649350894,317.388849418729,361.870372191219
"365",364,341.469249125782,11.4846764690181,317.558375540759,361.961893146466
"366",365,341.593478570061,11.4683515541271,317.727669821525,362.042079617019
"367",366,341.717520912504,11.452090090476,317.888039202239,362.122132156901
"368",367,341.841377463735,11.4358919799731,318.031943650864,362.202051677815
"369",368,341.965049525518,11.419757126361,318.175643504173,362.295283407223
"370",369,342.088538390862,11.4036854352005,318.319140216869,362.389249559973
"371",370,342.211845344117,11.3876768138559,318.462435234109,362.50291117186
"372",371,342.334971661079,11.3717311714798,318.60552999161,362.65498736094
"373",372,342.457918609085,11.3558484189987,318.746362779414,362.727729601909
"374",373,342.580687447114,11.3400284690979,318.891124423745,362.787948989381
"375",374,342.703279425878,11.3242712362073,319.033626923608,362.856850253391
"376",375,342.825695787924,11.308576636487,319.175934814405,362.949931469215
"377",376,342.947937767721,11.2929445878137,319.318049486282,363.042868709211
"378",377,343.070006591759,11.2773750097659,319.459972320584,363.13566295931
"379",378,343.191903478634,11.2618678236108,319.601704689957,363.228315198874
"380",379,343.313629639145,11.2464229522902,319.743247958448,363.314275294914
"381",380,343.43518627638,11.2310403204076,319.884603481602,363.385919006776
"382",381,343.556574585803,11.215719854214,320.025772606564,363.457450746833
"383",382,343.677795755344,11.2004614815955,320.16675667217,363.52887127447
"384",383,343.798850965487,11.1852651320598,320.307557009048,363.615113420578
"385",384,343.919741389347,11.1701307367235,320.448174939712,363.671953813792
"386",385,344.040468192765,11.1550582282992,320.59287465516,363.742473101796
"387",386,344.161032534382,11.1400475410829,320.737396663683,363.810025917336
"388",387,344.281435565726,11.1250986109416,320.88173667518,363.873491343032
"389",388,344.401678431295,11.1102113753008,321.025896011793,363.936859881943
"390",389,344.52176226863,11.0953857731323,321.169875987855,364.000132189725
"391",390,344.641688208402,11.0806217449422,321.313677909984,364.063308917818
"392",391,344.761457374487,11.0659192327585,321.457303077168,364.126390713497
"393",392,344.881070884043,11.05127818012,321.600752780859,364.189378219917
"394",393,345.000529847589,11.0366985320637,321.744028305053,364.252272076157
"395",394,345.119835369076,11.0221802351139,321.887130926379,364.315072917268
"396",395,345.23898854597,11.0077232372701,322.027727236995,364.389303846858
"397",396,345.357990469318,10.9933274879961,322.159629212979,364.465735707731
"398",397,345.476842223825,10.9789929382084,322.291370499527,364.542059218316
"399",398,345.595544887927,10.964719540265,322.422952267501,364.618275121708
"400",399,345.714099533861,10.9505072479547,322.588792799886,364.694384156488
"401",400,345.832507227735,10.9363560164856,322.74417130761,364.770387056776
"402",401,345.950769029601,10.9222658024749,322.908550141469,364.846284552278
"403",402,346.068885993523,10.9082365639374,323.072751661341,364.935054080693
"404",403,346.186859167644,10.8942682602757,323.23677723004,365.004306158832
"405",404,346.304689594255,10.8803608522688,323.400628203247,365.073671800814
"406",405,346.422378309861,10.8665143020622,323.564305929597,365.174250858427
"407",406,346.53992634525,10.8527285731575,323.727811750759,365.283336227975
"408",407,346.657334725556,10.8390036304018,323.885918690915,365.392285313547
"409",408,346.774604470324,10.8253394399779,324.016187396488,365.50109908702
"410",409,346.891736593576,10.8117359693942,324.146308836916,365.609778514873
"411",410,347.00873210387,10.7981931874743,324.276284110241,365.711598383929
"412",411,347.125592004371,10.7847110643476,324.40611430874,365.772492184704
"413",412,347.242317292904,10.7712895714392,324.535800519003,365.833304242686
"414",413,347.358908962022,10.7579286814603,324.665343821986,365.894035120851
"415",414,347.475367999064,10.7446283683984,324.794745293087,365.954685378975
"416",415,347.591695386216,10.7313886075079,324.924006002205,366.015255573669
"417",416,347.707892100572,10.7182093753005,325.053127013808,366.075746258418
"418",417,347.823959114188,10.705090649536,325.182109386992,366.158095501444
"419",418,347.939897394148,10.6920324092125,325.31095417555,366.273745112277
"420",419,348.055707902615,10.6790346345578,325.439662428027,366.389262894553
"421",420,348.171391596893,10.6660973070197,325.56823518779,366.504649818504
"422",421,348.286949429481,10.6532204092569,325.696673493082,366.619906849401
"423",422,348.402382348129,10.6404039251306,325.835021242621,366.735034947614
"424",423,348.517691295897,10.6276478396948,326.010144162942,366.850035068672
"425",424,348.632877211205,10.6149521391875,326.185112769916,366.964908163313
"426",425,348.747941027891,10.6023168110226,326.345435656744,367.079655177545
"427",426,348.862883675265,10.5897418437801,326.455507814781,367.194277052697
"428",427,348.97770607816,10.5772272271983,326.56546345021,367.308774725478
"429",428,349.092409156987,10.5647729521646,326.674406295092,367.423149128026
"430",429,349.206993827787,10.5523790107073,326.785028690872,367.491926068543
"431",430,349.321461002283,10.5400453959868,326.894640054391,367.55566370357
"432",431,349.43581158793,10.5277721022876,327.004138411974,367.619325323732
"433",432,349.550046487968,10.5155591250093,327.113524632459,367.682911471034
"434",433,349.664166601471,10.503406460659,327.227816897666,367.746422684738
"435",434,349.7781728234,10.4913141068424,327.35459955244,367.809859501402
"436",435,349.892066044646,10.4792820622562,327.481261783268,367.873222454907
"437",436,350.005847152088,10.4673103266794,327.607804558519,367.989783087388
"438",437,350.119517028634,10.4553989009656,327.734228842345,368.109788814825
"439",438,350.233076553273,10.443547787035,327.860535594731,368.229675816922
"440",439,350.346526601123,10.4317569878661,327.986725771546,368.349445024047
"441",440,350.459868043476,10.4200265074881,328.112800324594,368.466084141464
"442",441,350.573101747847,10.4083563509728,328.22689857147,368.532770729037
"443",442,350.686228578022,10.396746524427,328.333483655998,368.599383598592
"444",443,350.799249394099,10.3851970349847,328.465434335594,368.665923291989
"445",444,350.912165052538,10.3737078907993,328.597270126525,368.732390348558
"446",445,351.024976406208,10.362279101036,328.728991999593,368.816827165429
"447",446,351.137684304425,10.350910675864,328.860600921736,368.882392120321
"448",447,351.250289593005,10.3396026264493,328.992163851889,368.984854702283
"449",448,351.362793114301,10.3283549649471,329.117347208647,369.096595856045
"450",449,351.475195707252,10.317167704494,329.233698312647,369.237367674476
"451",450,351.587498207423,10.3060408592008,329.350214286685,369.312871047132
"452",451,351.699701447053,10.2949744441454,329.466628998165,369.39372283943
"453",452,351.811806255091,10.283968475365,329.582943301325,369.494599401859
"454",453,351.923813457244,10.2730229698491,329.705071131798,369.569733418963
"455",454,352.035723876017,10.2621379455321,329.839209571979,369.675654092131
"456",455,352.147538330754,10.2513134212863,329.973242275532,369.729522760668
"457",456,352.259257637684,10.2405494169146,330.074585182273,369.838371586149
"458",457,352.370882609954,10.2298459531433,330.236786961773,369.920833120732
"459",458,352.482414057678,10.2192030516153,330.363432655002,370.008900730822
"460",459,352.593852787973,10.208620734883,330.48748615459,370.087835061644
"461",460,352.705199605002,10.198099026401,330.61144228823,370.172007882605
"462",461,352.81645531001,10.1876379505194,330.73530193349,370.319367632845
"463",462,352.927620701367,10.1772375324772,330.841665272722,370.438956402592
"464",463,353.038696574607,10.1668977983946,330.936201037732,370.520010620122
"465",464,353.149683722467,10.1566187752673,331.03427782964,370.598961598337
"466",465,353.260582934925,10.1464004909584,331.166686585448,370.683624417386
"467",466,353.371394999238,10.136242974193,331.299000110111,370.797127229062
"468",467,353.482120699982,10.1261462545504,331.431219316594,370.910538554991
"469",468,353.59276081909,10.116110362458,331.563345114992,371.023859203524
"470",469,353.703316135889,10.1061353291845,331.695378412565,371.102561054001
"471",470,353.813787427136,10.0962211868333,331.827320113787,371.173569486955
"472",471,353.924175467058,10.086367968336,331.959171120383,371.24451447504
"473",472,354.034481027388,10.0765757074458,332.090932331377,371.316358742747
"474",473,354.144704877403,10.0668444387311,332.214406998282,371.417755892761
"475",474,354.254847783956,10.0571741975688,332.337090828701,371.508688671244
"476",475,354.364910511519,10.0475650201384,332.459690156821,371.582916650195
"477",476,354.474893822213,10.0380169434149,332.573854799739,371.657081441357
"478",477,354.584798475848,10.0285300051631,332.667202885733,371.728439797341
"479",478,354.694625229958,10.0191042439309,332.760480300995,371.79536354115
"480",479,354.804374839833,10.0097396990434,332.853687697697,371.878817611153
"481",480,354.91404805856,10.0004364105961,332.992318357322,371.953119442504
"482",481,355.023645637054,9.99119441944927,333.134394127603,372.026976314721
"483",482,355.133168324093,9.98201376722139,333.276386851126,372.100773194658
"484",483,355.242616866354,9.97289449628322,333.418297463263,372.174510608775
"485",484,355.351992008448,9.96383664975164,333.559418724735,372.248189081846
"486",485,355.461294492951,9.95484027148359,333.681218642685,372.321809136989
"487",486,355.570525060444,9.94590540607005,333.809212708952,372.395371295684
"488",487,355.67968444954,9.93703209883004,333.952687111865,372.468876077806
"489",488,355.788773396922,9.92822039580469,334.096083831385,372.542324001641
"490",489,355.897792637377,9.91947034375129,334.239403800559,372.615715583914
"491",490,356.006742903826,9.9107819901374,334.382647950417,372.689051339815
"492",491,356.11562492736,9.90215538313505,334.52581721002,372.76233178302
"493",492,356.224439437274,9.89359057161488,334.626871400385,372.835557425713
"494",493,356.333187161096,9.88508760514036,334.717079423371,372.908728778614
"495",494,356.441868824623,9.8766465339621,334.807227748949,372.981846351002
"496",495,356.550485151954,9.86826740901208,334.897316987961,373.054910650734
"497",496,356.65903686552,9.85995028189801,335.016217035622,373.122509713354
"498",497,356.767524686117,9.85169520489772,335.137164956377,373.200881456707
"499",498,356.87594933294,9.8435022309535,335.258047064723,373.273788971779
"500",499,356.984311523614,9.83537141366662,335.378864150725,373.3466452319
"501",500,357.092611974226,9.82730280729174,335.499617002867,373.41945073818
"502",501,357.200851399356,9.81929646673146,335.620306408087,373.492205990448
"503",502,357.309030512109,9.81135244753085,335.740933151814,373.596262066592
"504",503,357.417150024149,9.80347080587206,335.861498018,373.71716707314
"505",504,357.525210645727,9.79565159856894,335.982001789157,373.786249707858
"506",505,357.633213085715,9.78789488306172,336.102445246388,373.855285765119
"507",506,357.741158051635,9.78020071741167,336.222829169426,373.930089676536
"508",507,357.849046249693,9.7725691602959,336.343154336664,374.017889260861
"509",508,357.956878384808,9.76500027100211,336.461818207376,374.10563574694
"510",509,358.064655160641,9.75749410942343,336.568493714434,374.193329721487
"511",510,358.172377279633,9.75005073605327,336.697333250735,374.280971770006
"512",511,358.280045443027,9.74267021198024,336.823882970529,374.381976769207
"513",512,358.387660350905,9.73535259888307,336.943925990193,374.502888667367
"514",513,358.495222702216,9.72809795902563,337.063914898209,374.623742024659
"515",514,358.602733194807,9.72090635525195,337.183850464549,374.744537623595
"516",515,358.710192525454,9.71377785098129,337.303733458117,374.828973821978
"517",516,358.817601389891,9.70671251020322,337.423564646784,374.896219719748
"518",517,358.924960482842,9.69971039747285,337.527117319412,374.963425164543
"519",518,359.032270498051,9.69277157790598,337.629265603106,375.03059060733
"520",519,359.13953212831,9.68589611717435,337.731366336476,375.128457087952
"521",520,359.246746065493,9.67908408150097,337.833420180049,375.248323579067
"522",521,359.353913000583,9.67233553765541,337.93542779347,375.353747413641
"523",522,359.461033623703,9.66565055294923,338.037389835523,375.42662810767
"524",523,359.568108624146,9.65902919523136,338.139306964165,375.505634073105
"525",524,359.675138690406,9.65247153288365,338.241179836553,375.642924697426
"526",525,359.782124510206,9.64597763481633,338.343009109073,375.773869097765
"527",526,359.88906677053,9.63954757046361,338.444795437366,375.917357013241
"528",527,359.99596615765,9.63318140977934,338.54653947636,376.015949707479
"529",528,360.102823357158,9.62687922323264,338.648241880297,376.059037793957
"530",529,360.209639053997,9.62064108180365,338.74990330276,376.122623650565
"531",530,360.316413932488,9.61446705697929,338.851524396703,376.249679107756
"532",531,360.423148676359,9.60835722074913,338.953105814482,376.331194197584
"533",532,360.52984396878,9.60231164560125,339.054648207876,376.376959676086
"534",533,360.636500492387,9.59633040451817,339.156152228124,376.480598553021
"535",534,360.743118929314,9.59041357097287,339.260133557893,376.591563316493
"536",535,360.849699961224,9.58456121892481,339.378920546224,376.708881093147
"537",536,360.956244269336,9.57877342281606,339.497670950414,376.828452936399
"538",537,361.062752534457,9.57305025756746,339.616385522984,376.947984818686
"539",538,361.169225437011,9.56739179857482,339.735065016144,377.067477502356
"540",539,361.275663657067,9.56179812170524,339.853229098545,377.186931749377
"541",540,361.382067874372,9.55626930329341,339.95758024842,377.306348321367
"542",541,361.488438768378,9.55080542013802,340.061898145914,377.410053050441
"543",542,361.594777018273,9.54540654949825,340.166183457271,377.50432312696
"544",543,361.701083303009,9.54007276909027,340.270436848491,377.598558991309
"545",544,361.807358301336,9.5348041570838,340.397175535995,377.691490636575
"546",545,361.913602691827,9.52960079209885,340.525641980023,377.755751790498
"547",546,362.019817152911,9.52446275320234,340.654080679746,377.819985759336
"548",547,362.1260023629,9.51939011990494,340.760979977321,377.8951878502
"549",548,362.232159000023,9.51438297215792,340.857406585584,377.997719933345
"550",549,362.338287742452,9.50944139035005,340.953805148808,378.100221002223
"551",550,362.444389268335,9.50456545530461,341.050176285489,378.202691715863
"552",551,362.550464255824,9.49975524827642,341.185063902485,378.305132733195
"553",552,362.656513383106,9.49501085094901,341.299363110688,378.407544713073
"554",553,362.762537328431,9.49033234543181,341.404506130765,378.509928314309
"555",554,362.868536770149,9.48571981425741,341.509624623821,378.6122841957
"556",555,362.974512386731,9.48117334037893,341.614719262372,378.726942096475
"557",556,363.080464856805,9.47669300716744,341.735708772172,378.820788501263
"558",557,363.186394859187,9.4722788984095,341.864549379136,378.914609196128
"559",558,363.292303072907,9.46793109830469,341.993372165834,379.01895705313
"560",559,363.398190177245,9.46364969146329,342.138169353658,379.123670865598
"561",560,363.504056851758,9.45943476290406,342.284086802395,379.225874265571
"562",561,363.60990377631,9.45528639805203,342.429994140781,379.328054559354
"563",562,363.715731631108,9.45120468273639,342.574802578773,379.428080313324
"564",563,363.821541096726,9.44718970318855,342.692849324592,379.510301029905
"565",564,363.927332854141,9.44324154604015,342.810880548069,379.592500427293
"566",565,364.033107584763,9.43936029832125,342.928897005603,379.693354574676
"567",566,364.138865970465,9.4355460474586,343.046899454223,379.800405566636
"568",567,364.244608693616,9.43179888127395,343.164888651621,379.925230132701
"569",568,364.350336437111,9.42811888798252,343.28286535619,380.042725096583
"570",569,364.456049884402,9.42450615619146,343.409481143241,380.174834698978
"571",570,364.561749719532,9.42096077489854,343.538154095965,380.299616308685
"572",571,364.667436627167,9.41748283349084,343.666819920092,380.424385210412
"573",572,364.773111292623,9.4140724217435,343.795479444142,380.549142210931
"574",573,364.878774401903,9.4107296298187,343.924133497696,380.67388811789
"575",574,364.98442664173,9.40745454826464,344.052782911437,380.765595108211
"576",575,365.090068699574,9.40424726801461,344.157108571791,380.92334988634
"577",576,365.195701263689,9.40110788038624,344.238290794282,381.048067367859
"578",577,365.301325023143,9.39803647708077,344.344219046645,381.172776995951
"579",578,365.406940667853,9.39503315018247,344.46211271377,381.297479583226
"580",579,365.512548888617,9.39209799215819,344.580002286723,381.4221759434
"581",580,365.618150377145,9.38923109585692,344.697888535077,381.54686689134
"582",581,365.723745826098,9.38643255450958,344.815772229576,381.622017020344
"583",582,365.829335929112,9.38370246172882,344.933654142167,381.693500673408
"584",583,365.934921380843,9.38104091150901,345.051535046045,381.764972672512
"585",584,366.040502876992,9.37844799822627,345.169415715686,381.880068151961
"586",585,366.146081114341,9.37592381663867,345.287296926883,381.99080850087
"587",586,366.25165679079,9.37346846188653,345.40517945679,382.074036013724
"588",587,366.35723060539,9.37108202949284,345.523064083957,382.157254731524
"589",588,366.462803258375,9.36876461536376,345.640951588368,382.240465209009
"590",589,366.568375451199,9.3665163157893,345.758842751482,382.323668001687
"591",590,366.673947886572,9.36433722744413,345.876738356271,382.406863665857
"592",591,366.779521268494,9.36222744738841,345.994639187259,382.490052758637
"593",592,366.885096302289,9.36018707306887,346.112546030564,382.581697860636
"594",593,366.990673694641,9.35821620231993,346.230459673934,382.69331761591
"595",594,367.096254153635,9.35631493336503,346.348380906791,382.833242775942
"596",595,367.201838388784,9.354483364818,346.46631052027,382.986247152926
"597",596,367.307427111072,9.35272159568463,346.584249307258,383.104298304293
"598",597,367.413021032989,9.35102972536434,346.702198062439,383.248670750733
"599",598,367.518620868568,9.34940785365199,346.820157582331,383.409543840554
"600",599,367.62422733342,9.34785608073988,346.93812866533,383.503138260684
"601",600,367.729841144774,9.34637450721977,347.056112111753,383.575496711114
"602",601,367.835463021513,9.34496323408518,347.174108723875,383.650284121476
"603",602,367.941093684211,9.34362236273373,347.29211930598,383.722115578965
"604",603,368.046733855175,9.34235199496969,347.410144664395,383.850670053325
"605",604,368.15238425848,9.34115223300662,347.528185607539,383.921414563591
"606",605,368.258045620008,9.34002317947023,347.646242945964,384.034007312362
"607",606,368.363718667486,9.33896493740129,347.764317492402,384.144806008622
"608",607,368.469404130531,9.3379776102588,347.882410061802,384.256518750686
"609",608,368.575102740681,9.33706130192326,348.000521471385,384.36824386863
"610",609,368.680815231443,9.33621611670007,348.127476562537,384.479982137121
"611",610,368.786542338327,9.33544215932315,348.259648568862,384.591734332907
"612",611,368.892284798892,9.33473953495867,348.391849730011,384.703501234854
"613",612,368.99804335278,9.33410834920899,348.506584281081,384.815283623993
"614",613,369.103818741766,9.33354870811669,348.591389888982,384.927082283561
"615",614,369.209611709792,9.33306071816884,348.673393630961,385.038897999047
"616",615,369.315423003012,9.33264448630143,348.745449403803,385.141979884705
"617",616,369.421253369835,9.33230011990388,348.817511146184,385.228013130983
"618",617,369.527103560968,9.33202772682387,348.941178201553,385.374455370587
"619",618,369.632974329456,9.33182741537222,349.099727783305,385.486347211196
"620",619,369.738866430728,9.331699294328,349.25833315082,385.598260070486
"621",620,369.84478062264,9.33164347294381,349.389449986883,385.710194748388
"622",621,369.950717665519,9.33166006095126,349.484409141504,385.822152047406
"623",622,370.05667832221,9.33174916856657,349.579386411297,385.934132772655
"624",623,370.162663358116,9.33191090649646,349.674382480807,386.046137731915
"625",624,370.268673541249,9.33214538594411,349.770833347431,386.158167735674
"626",625,370.374709642272,9.3324527186154,349.912504129212,386.270223597181
"627",626,370.480772434548,9.33283301672529,350.054224905033,386.382274933752
"628",627,370.586862694183,9.33328639300442,350.195996719292,386.486292899362
"629",628,370.692981200077,9.33381296070591,350.337820620541,386.606554503059
"630",629,370.799128733972,9.33441283361233,350.435319332179,386.71872198491
"631",630,370.905306080495,9.33508612604288,350.52426878678,386.830919433844
"632",631,371.011514027212,9.33583295286082,350.61323942889,386.980854836838
"633",632,371.117753364675,9.33665342948102,350.702231917994,387.167247564519
"634",633,371.224024886473,9.33754767187782,350.791246915986,387.299398790508
"635",634,371.330329389277,9.338515796593,350.880285087211,387.431595983929
"636",635,371.436667672898,9.33955792074403,350.96934709851,387.56384014209
"637",636,371.543040540334,9.34067416203255,351.058433619258,387.682248808064
"638",637,371.649448797821,9.34186463875298,351.147545321409,387.780368874837
"639",638,371.755893254887,9.34312946980145,351.236682879537,387.878517338461
"640",639,371.862374724405,9.34446877468489,351.325846970884,387.976694944592
"641",640,371.968894022644,9.34588267353039,351.415038275398,388.087678021754
"642",641,372.075451969327,9.34737128709475,351.50425747578,388.182198502729
"643",642,372.18204938768,9.34893473677431,351.593505257532,388.276748286739
"644",643,372.288687104494,9.35057314461493,351.712525869587,388.373596932498
"645",644,372.395365950171,9.35228663332234,351.840534370066,388.502458144047
"646",645,372.502086758793,9.35407532627259,351.968600894996,388.631373621747
"647",646,372.608850368166,9.35593934752287,352.096726456389,388.760344380277
"648",647,372.715657619888,9.35787882182245,352.203807085666,388.889371439001
"649",648,372.8225093594,9.35989387462399,352.300696839844,389.018455822042
"650",649,372.92940643605,9.36198463209502,352.359394708407,389.142588671894
"651",650,373.036349703148,9.36415122112974,352.418109861558,389.220105476316
"652",651,373.143340018031,9.36639376936099,352.476842762711,389.339748619383
"653",652,373.250378242121,9.36871240517259,352.549194416391,389.510413133052
"654",653,373.357465240987,9.37110725771186,352.624526087794,389.615273205841
"655",654,373.464601884407,9.37357845690246,352.699885845467,389.703446031165
"656",655,373.571789046433,9.37612613345748,352.787179444636,389.791653539911
"657",656,373.679027605453,9.3787504188928,352.906904732912,389.916550777001
"658",657,373.786318444259,9.38145144554075,353.026692554838,390.069800329932
"659",658,373.893662450106,9.38422934656405,353.146543905436,390.223139374249
"660",659,374.001060514785,9.38708425597,353.266459784925,390.373599306943
"661",660,374.108513534687,9.39001630862501,353.386441198802,390.498002253125
"662",661,374.21602241087,9.39302564026941,353.506489157911,390.648927258193
"663",662,374.323588049131,9.39611238753253,353.626604678528,390.730365215454
"664",663,374.431211360073,9.39927668794813,353.746788782434,390.88676478044
"665",664,374.538893259174,9.40251867997004,353.867042497,391.048210088573
"666",665,374.646634666864,9.40583850298826,353.987366855263,391.178888561069
"667",666,374.754436508591,9.40923629734523,354.107762896011,391.277507081611
"668",667,374.862299714898,9.41271220435252,354.228231663864,391.380865318672
"669",668,374.970225221495,9.41626636630773,354.348774209357,391.501739539807
"670",669,375.078213969339,9.41989892651187,354.469391589028,391.58980767291
"671",670,375.186266904701,9.42361002928691,354.590084865503,391.677921050478
"672",671,375.294384979253,9.42739981999377,354.710855107581,391.771380061193
"673",672,375.402569150138,9.43126844505063,354.831703390324,391.870316736125
"674",673,375.510820380056,9.43521605195153,354.952630795148,391.969309460908
"675",674,375.619139637337,9.43924278928539,355.073638409911,392.118760895326
"676",675,375.72752789603,9.44334880675535,355.194727329006,392.26906484274
"677",676,375.835986135979,9.44753425519846,355.315898653455,392.419477436597
"678",677,375.944515342909,9.45179928660574,355.437153491003,392.570000063129
"679",678,376.053116508511,9.45614405414262,355.558492956212,392.748793233642
"680",679,376.161790630528,9.46056871216974,355.679918170562,392.932966463908
"681",680,376.270538712839,9.46507341626412,355.801430262545,393.117294948972
"682",681,376.379361765552,9.46965832324075,355.923030367768,393.301780457178
"683",682,376.488260805088,9.47432359117452,356.044719629053,393.449097831879
"684",683,376.597236854277,9.4790693794226,356.166499196537,393.580876495917
"685",684,376.706290942444,9.48389584864713,356.286113680288,393.7127531971
"686",685,376.815424105508,9.48880316083846,356.392194472394,393.844729194373
"687",686,376.924637386072,9.49379147933865,356.498352118875,393.976805754908
"688",687,377.033931833521,9.49886096886548,356.604587637276,394.108984154217
"689",688,377.143308504119,9.50401179553688,356.710902051782,394.241265676273
"690",689,377.252768461108,9.50924412689574,356.817296393321,394.385370970218
"691",690,377.362312774805,9.5145581319352,356.923771699656,394.537454299515
"692",691,377.471942522709,9.51995398112439,357.030329015486,394.689668040383
"693",692,377.581658789598,9.5254318464346,357.136969392543,394.842013723235
"694",693,377.691462667638,9.53099190136587,357.243693889696,394.994492889219
"695",694,377.801355256486,9.53663432097416,357.350503573051,395.147107090366
"696",695,377.9113376634,9.54235928189885,357.457399516058,395.299857889743
"697",696,378.021411003346,9.54816696239084,357.564382799613,395.452746861613
"698",697,378.13157639911,9.55405754234104,357.671454512167,395.60577559159
"699",698,378.241834981411,9.56003120330942,357.778615749835,395.758945676805
"700",699,378.352187889012,9.56608812855458,357.885867616508,395.912258726062
"701",700,378.46263626884,9.5722285030637,357.993211223961,396.065716360011
"702",701,378.573181276103,9.5784525135832,358.100647691972,396.194300066207
"703",702,378.683824074405,9.58476034864976,358.208178148431,396.320738638909
"704",703,378.794565835874,9.59115219862199,358.315803729465,396.447291448661
"705",704,378.905407741279,9.59762825571255,358.423525579551,396.52853937151
"706",705,379.016350980159,9.60418871402093,358.53134485164,396.608282491196
"707",706,379.127396750948,9.6108337695667,358.643047264901,396.717889523533
"708",707,379.238546261108,9.61756362032336,358.773192444894,396.827005498594
"709",708,379.349800727251,9.62437846625283,358.903467270999,396.985353596476
"710",709,379.461161375284,9.63127850934043,359.033873195503,397.146745993615
"711",710,379.572629440533,9.63826395363055,359.164411682029,397.308309430484
"712",711,379.684206167888,9.64533500526289,359.257344010583,397.463990784916
"713",712,379.79589281194,9.65249187250933,359.341685923066,397.591633782306
"714",713,379.907690637122,9.65973476581145,359.426105267771,397.719405002184
"715",714,380.019600917855,9.66706389781867,359.510602989528,397.847305903506
"716",715,380.131624938691,9.67447948342707,359.615155742248,397.975337956861
"717",716,380.243763994467,9.68198173981888,359.724125301474,398.103502644641
"718",717,380.356019390451,9.68957088650262,359.800948263827,398.231801461213
"719",718,380.4683924425,9.69724714535398,359.872389050678,398.344834531392
"720",719,380.580884477213,9.70501074065738,359.943897263228,398.488807519153
"721",720,380.693496832092,9.71286189914821,360.019289087899,398.617517810739
"722",721,380.806230855701,9.72080085005594,360.104362535123,398.746368331923
"723",722,380.919087907835,9.7288278251478,360.189522191802,398.875360639659
"724",723,381.032069359682,9.73694305877331,360.274769072938,399.032889548789
"725",724,381.145176593993,9.74514678790964,360.36010420192,399.150874045471
"726",725,381.258411005261,9.75343925220763,360.445528610658,399.282589194343
"727",726,381.371773999888,9.76182069403873,360.531043339705,399.443176672202
"728",727,381.485266996369,9.77029135854268,360.616649438391,399.555182545361
"729",728,381.598891425473,9.7788514936761,360.702347964956,399.667314167833
"730",729,381.712648730425,9.78750135026186,360.788139986683,399.782410397603
"731",730,381.8265403671,9.79624118203938,360.874026580036,399.912594659242
"732",731,381.940567804206,9.80507124571579,360.960008830802,400.066909931541
"733",732,382.054732523486,9.81399180101796,361.04608783423,400.194931675941
"734",733,382.169036019913,9.82300311074555,361.139218819747,400.323389514764
"735",734,382.28347980189,9.8321054408249,361.258391417192,400.456056011202
"736",735,382.398065391459,9.84129906036392,361.377713147981,400.600742952487
"737",736,382.512794324506,9.85058424170801,361.497185615859,400.739685063383
"738",737,382.627668150976,9.85996126049687,361.61681043929,400.878806616668
"739",738,382.742688435089,9.86943039572246,361.736589251682,401.022670813302
"740",739,382.857856755559,9.87899192978787,361.86069589687,401.196334971479
"741",740,382.973174705819,9.88864614856738,361.995589185122,401.306370850298
"742",741,383.088643894248,9.89839334146754,362.130666574643,401.437125673876
"743",742,383.204265944408,9.90823380148935,362.265929990452,401.577173412709
"744",743,383.320042495275,9.91816782529159,362.401381376027,401.683239117298
"745",744,383.435975201482,9.92819571325537,362.537022693594,401.79463927241
"746",745,383.552065733567,9.93831776954972,362.672855924421,401.94139861813
"747",746,383.668315778221,9.94853430219857,362.777577415523,402.088366091856
"748",747,383.784727038541,9.95884562314879,362.876146311842,402.235543870901
"749",748,383.901301234294,9.96925204833962,362.974848215079,402.382934154053
"750",749,384.018040102178,9.97975389777335,363.073684576069,402.530539161905
"751",750,384.134945396093,9.99035149558726,363.2329791876,402.678361137214
"752",751,384.252018887414,10.0010451701271,363.400681299327,402.826402345244
"753",752,384.369262365274,10.0118352540215,363.568650150785,402.988504240267
"754",753,384.486677636845,10.0227220842586,363.719746071563,403.130769079163
"755",754,384.604266527633,10.0337060022632,363.824066797657,403.34424190371
"756",755,384.722030881771,10.044787353976,363.928539254752,403.511005751491
"757",756,384.839972562322,10.055966489934,364.033165078775,403.643469541502
"758",757,384.958093451589,10.067243765353,364.137945922449,403.751464504528
"759",758,385.076395451425,10.0786195402108,364.242883455568,403.909004294309
"760",759,385.194880483558,10.0900941793327,364.34797936528,404.042079553439
"761",760,385.313550489913,10.1016680524788,364.46979463263,404.175362969544
"762",761,385.432407432948,10.1133415344321,364.603937186218,404.319387420008
"763",762,385.551453295994,10.1251150050891,364.738298438728,404.478440948733
"764",763,385.670690083598,10.1369888495521,364.872880676503,404.653005734005
"765",764,385.790119821881,10.1489634582234,364.98408506455,404.827871102294
"766",765,385.909744558896,10.1610392269003,365.062478920675,405.003040135459
"767",766,386.029566364995,10.173216556874,365.160067883857,405.178515949358
"768",767,386.149587333207,10.1854958550283,365.285099300794,405.33453009508
"769",768,386.26980957962,10.1978775339422,365.410341972073,405.469007978497
"770",769,386.390235243774,10.2103620119929,365.526490348999,405.603713599522
"771",770,386.510866489055,10.2229497134623,365.635510350977,405.738649378231
"772",771,386.631705503108,10.2356410686446,365.744714522988,405.873817761841
"773",772,386.752754498251,10.2484365139571,365.854104846324,406.009221225175
"774",773,386.8740157119,10.2613364920519,365.963683324666,406.144862271139
"775",774,386.995491407002,10.2743414519316,366.07345198447,406.297436246042
"776",775,387.117183872476,10.2874518490661,366.183412875366,406.451484070363
"777",776,387.239095423673,10.3006681455121,366.293568070559,406.605816263168
"778",777,387.361228402827,10.3139908100359,366.403919667242,406.779601528257
"779",778,387.483585179537,10.3274203182376,366.514469787018,406.972865145661
"780",779,387.606168151243,10.3409571526786,366.625220576328,407.166513159417
"781",780,387.72897974372,10.3546018030121,366.731604856505,407.360549546171
"782",781,387.852022411582,10.3683547661155,366.832328703885,407.554978330509
"783",782,387.975298638798,10.3822165462264,366.933237484941,407.749803585805
"784",783,388.098810939214,10.3961876550814,367.034333223485,407.901955002666
"785",784,388.222561857092,10.4102686120576,367.151912920379,408.041125668021
"786",785,388.346553967662,10.4244599443174,367.283582980703,408.180567985888
"787",786,388.470789877677,10.4387621869566,367.406280573584,408.36328319315
"788",787,388.595272225995,10.4531758831555,367.518717121493,408.546318802009
"789",788,388.72000368416,10.4677015843335,367.631374850533,408.733490499628
"790",789,388.844986957007,10.4823398503071,367.747682903024,408.864610615796
"791",790,388.970224783271,10.4970912494518,367.882423303382,408.995995116103
"792",791,389.095719936219,10.5119563588667,368.017443894142,409.127646893698
"793",792,389.221475224294,10.5269357645438,368.149271145005,409.259568878355
"794",793,389.347493491767,10.5420300615407,368.259388379983,409.398477222171
"795",794,389.473777619412,10.5572398541575,368.369733030695,409.569172256056
"796",795,389.600330525199,10.5725657561171,368.480307616872,409.738351333492
"797",796,389.727155164992,10.5880083907507,368.591114690851,409.880332773374
"798",797,389.854254533272,10.6035683911869,368.702156838193,410.022621942988
"799",798,389.981631663879,10.6192464005452,368.81343667832,410.167094623961
"800",799,390.109289630763,10.6350430721345,368.913254352242,410.339304120351
"801",800,390.237231548761,10.6509590696558,368.977242510504,410.511909200253
"802",801,390.365460574388,10.6669950674101,369.018105454767,410.684914201519
"803",802,390.493979906651,10.683151750511,369.088118054347,410.858323520707
"804",803,390.622792787878,10.6994298151026,369.229173793005,411.032141614229
"805",804,390.751902504569,10.7158299685825,369.370559139238,411.206372999525
"806",805,390.881312388274,10.7323529298303,369.512277770623,411.381022256269
"807",806,391.011025816483,10.7489994294417,369.654333415564,411.556094027607
"808",807,391.141046213543,10.7657702099682,369.796729854305,411.731593021424
"809",808,391.271377051598,10.782666026163,369.934942386705,411.907524011635
"810",809,391.402021851553,10.7996876452329,370.0528551502,412.083891839525
"811",810,391.53298418406,10.816835847096,370.168337457025,412.260701415105
"812",811,391.664267670531,10.834111424647,370.282962332761,412.502563128253
"813",812,391.795875984177,10.8515151840279,370.384621423992,412.710104365999
"814",813,391.92781285107,10.8690479449063,370.513050243339,412.888691294436
"815",814,392.06008205124,10.8867105407613,370.62851975459,413.067741586278
"816",815,392.19268741979,10.9045038191752,370.744277365754,413.247260530616
"817",816,392.325632848052,10.9224286421345,370.886336105518,413.427253494428
"818",817,392.45892228476,10.9404858863377,371.006601335876,413.607725924213
"819",818,392.592559737269,10.9586764435112,371.127176214762,413.78868334767
"820",819,392.726549272791,10.9770012207338,371.24806437841,413.970131375421
"821",820,392.860895019676,10.9954611407699,371.366816743292,414.152075702776
"822",821,392.995601168721,11.0140571424113,371.445064649,414.343546518774
"823",822,393.130671974515,11.0327901808279,371.562935800704,414.547201216591
"824",823,393.266111756824,11.0516612279287,371.681123352928,414.75143818162
"825",824,393.401924902007,11.0706712727318,371.799631088737,414.95626423415
"826",825,393.53811586448,11.0898213217449,371.918462849747,415.154254712687
"827",826,393.674689168212,11.109112399356,372.04163094337,415.325376636612
"828",827,393.811649408267,11.128545548235,372.157114114343,415.496990944071
"829",828,393.949001252386,11.1481218297468,372.276941605687,415.689510046392
"830",829,394.08674944262,11.1678423243754,372.397109100511,415.887169291807
"831",830,394.224898796999,11.1877081321602,372.479536218873,416.085424929367
"832",831,394.363454211258,11.2077203731446,372.529194460328,416.292484370509
"833",832,394.502420660606,11.2278801878376,372.591371589752,416.552764516069
"834",833,394.641803201549,11.2481887376883,372.714633652193,416.813889687579
"835",834,394.781606973765,11.2686472055742,372.838262786292,417.038504315902
"836",835,394.921837202032,11.2892567963039,372.962263564137,417.250292693749
"837",836,395.062499198218,11.3100187371344,373.086640633872,417.462761030176
"838",837,395.203598363318,11.3309342783032,373.211398721486,417.675917733375
"839",838,395.345140189567,11.3520046935768,373.336542632651,417.889771354339
"840",839,395.487130262603,11.373231280815,373.462077254613,418.10433059026
"841",840,395.629574263702,11.3946153625528,373.563864975525,418.319604288031
"842",841,395.772477972078,11.4161582865988,373.658544530973,418.535601447846
"843",842,395.915847267251,11.4378614266531,373.792869753799,418.752331226916
"844",843,396.059688131495,11.459726182943,373.962314796188,418.938780081263
"845",844,396.204006652353,11.4817539828785,374.09578804088,419.111742204681
"846",845,396.34880902523,11.5039462817291,374.223774381212,419.285288785458
"847",846,396.494101556078,11.5263045633201,374.358851658989,419.459427424462
"848",847,396.639890664151,11.5488303407522,374.500035436654,419.679118453714
"849",848,396.786182884856,11.5715251571429,374.610320227047,419.912297697654
"850",849,396.93298487269,11.5943905863922,374.713259333018,420.146327978239
"851",850,397.080303404279,11.6174282339723,374.800283969049,420.381220492419
"852",851,397.2281453815,11.6406397377434,374.887603699768,420.616986645255
"853",852,397.376517834725,11.6640267687952,374.975222533466,420.853638055298
"854",853,397.525427926151,11.687591032317,375.06314455317,421.091186560141
"855",854,397.67488295325,11.7113342684953,375.1513739186,421.329644222161
"856",855,397.824890352337,11.7352582534424,375.239914868183,421.569023334448
"857",856,397.975457702244,11.7593648001552,375.328771721136,421.763838164572
"858",857,398.126592728132,11.7836557595068,375.417948879625,422.005258678502
"859",858,398.278303305422,11.8081330212711,375.507450830984,422.260422590705
"860",859,398.430597463864,11.8327985151835,375.597282150026,422.516619441702
"861",860,398.583483391743,11.8576542120368,375.687447501419,422.773863589626
"862",861,398.736969440238,11.8827021248162,375.777951642151,423.022864275819
"863",862,398.891064127922,11.9079443098735,375.868799424081,423.256449630999
"864",863,399.045776145427,11.9333828681423,375.969753534459,423.49100417431
"865",864,399.201114360273,11.9590199463969,376.096198699467,423.726541741921
"866",865,399.357087821865,11.9848577385559,376.223151214419,423.963076454922
"867",866,399.513705766679,12.0108984870325,376.353730799702,424.200622727449
"868",867,399.67097762362,12.0371444841344,376.508830562729,424.439195275101
"869",868,399.828913019589,12.063598073514,376.607127647005,424.678809123666
"870",869,399.987521785251,12.0902616516726,376.736185137087,424.93969480625
"871",870,400.14681396101,12.1171376695204,376.865788568212,425.161222432251
"872",871,400.306799803211,12.144228633995,376.995946157262,425.404053577901
"873",872,400.467489790581,12.17153710974,377.126666298917,425.647989415552
"874",873,400.628894630902,12.199065720849,377.257957570986,425.903006471784
"875",874,400.791025267945,12.2268171526746,377.389828739945,426.199031961533
"876",875,400.953892888675,12.254794153709,377.522288766693,426.496482233644
"877",876,401.117508930725,12.2829995375365,377.655346812524,426.795379246405
"878",877,401.28188509017,12.3114361848633,377.760031560012,427.064945277597
"879",878,401.447033329606,12.3401070456276,377.88644791359,427.30228647244
"880",879,401.612965886546,12.3690151411938,378.043478999971,427.540783316008
"881",880,401.77969528216,12.3981635666348,378.193749780962,427.789118785085
"882",881,401.947234330359,12.4275554931079,378.329942804025,428.094465217144
"883",882,402.115596147256,12.4571941703262,378.46679338767,428.377575735748
"884",883,402.284794161013,12.487082929134,378.604312284329,428.662154228315
"885",884,402.454842122097,12.5172251841883,378.742510504045,428.948224731776
"886",885,402.625754113964,12.5476244367527,378.881399323005,429.230183409485
"887",886,402.797544564192,12.5782842776111,379.020990292429,429.461338841943
"888",887,402.970228256093,12.6092083901045,379.161295247843,429.693716199456
"889",888,403.143820340818,12.6404005532995,379.302326318742,429.927336174574
"890",889,403.318336349988,12.6718646452948,379.444095938683,430.162219980362
"891",890,403.493792208879,12.703604646673,379.586616855807,430.398389368452
"892",891,403.670204250187,12.7356246441048,379.729902143831,430.635866647895
"893",892,403.847589228403,12.7679288341156,379.873965213528,430.874674704841
"894",893,404.02596433484,12.8005215270211,380.01881982472,431.114837023119
"895",894,404.205347213336,12.8334071510429,380.16448009882,431.356377705737
"896",895,404.38575597668,12.8665902566138,380.310960531942,431.60723066576
"897",896,404.567209223794,12.9000755208827,380.458276008619,431.883716040573
"898",897,404.74972605772,12.9338677524312,380.606441816162,432.172070092723
"899",898,404.933326104452,12.9679718962134,380.755473659695,432.490880262881
"900",899,405.118029532667,13.0023930387327,380.9053876779,432.811688854152
"901",900,405.303857074401,13.0371364134682,381.056200459528,433.134533349115
"902",901,405.490830046737,13.0722074065665,381.207929060702,433.459452292775
"903",902,405.678970374544,13.1076115628141,381.360591023075,433.786485333968
"904",903,405.868300614354,13.1433545919074,381.514204392882,434.115673268823
"905",904,406.058843979433,13.1794423750387,381.676601246963,434.447058086416
"906",905,406.250624366113,13.2158809718167,381.846674331492,434.780683016722
"907",906,406.443666381482,13.2526766275438,382.017856740375,435.116592581041
"908",907,406.637995372496,13.289835780871,382.190170764563,435.386469986637
"909",908,406.833637456615,13.3273650718551,382.309385451723,435.649557631021
"910",909,407.030619554061,13.3652713504445,382.461724129967,435.914472194626
"911",910,407.228969421793,13.4035616854198,382.628021779612,436.181251508711
"912",911,407.428715689322,13.4422433738213,382.779710912186,436.449934595469
"913",912,407.629887896476,13.481323950893,382.887867457808,436.720561719618
"914",913,407.83251653326,13.5208112005802,382.995709225608,436.993174442845
"915",914,408.036633081935,13.5607131666166,383.104316123528,437.267815681304
"916",915,408.242270061483,13.6010381642423,383.213704880086,437.54452976635
"917",916,408.449461074613,13.6417947925957,383.327812532688,437.849174884821
"918",917,408.658240857487,13.6829919478273,383.441482989997,438.214697567341
"919",918,408.868645332366,13.7246388369867,383.546738073087,438.583909544237
"920",919,409.080711663374,13.766744992738,383.659433049556,438.956148356038
"921",920,409.294478315613,13.8093202889641,383.77300239112,439.272118925646
"922",921,409.509985117878,13.8523749573265,383.8874665721,439.566747491718
"923",922,409.727273329226,13.89591960485,384.002846799484,439.889940869301
"924",923,409.946385709712,13.9399652326122,384.119165049086,440.266622929643
"925",924,410.167366595589,13.984523255621,384.236444103973,440.596881207516
"926",925,410.39026197932,14.0296055239727,384.354707595359,440.913247448869
"927",926,410.615119594801,14.0752243453918,384.534915178845,441.243013600229
"928",927,410.841989008178,14.1213925092638,384.784728975176,441.598958859825
"929",928,411.070921714728,14.1681233122791,385.036830833735,441.958220858392
"930",929,411.301971242298,14.2154305858235,385.204400679346,442.320885748799
"931",930,411.535193261838,14.263328725259,385.385014631855,442.687043142504
"932",931,411.77064570563,14.3118327212539,385.694782720489,443.056786300697
"933",932,412.008388893869,14.3609581933397,386.007626427379,443.430212338957
"934",933,412.248485670314,14.4107214258869,386.323630236744,443.807422446607
"935",934,412.491001547813,14.461139406714,386.600990421266,444.176624417162
"936",935,412.736004864578,14.5122298685655,386.87091416319,444.497984583419
"937",936,412.983566952184,14.5640113337198,387.101583378865,444.82273147439
"938",937,413.233762316372,14.6165031620164,387.285099636288,445.150963765641
"939",938,413.486668831849,14.6697256026244,387.47946251718,445.530276186216
"940",939,413.742367952432,14.7236998499086,387.763281520744,445.923089907489
"941",940,414.000944937981,14.7784481037904,387.918619929991,446.336287833104
"942",941,414.262489099819,14.8339936350488,388.039337953033,446.722391147112
"943",942,414.527094066441,14.8903608560558,388.233255841332,447.129165975894
"944",943,414.794858071603,14.9475753975018,388.429453808877,447.562006034022
"945",944,415.065884267092,15.0056641917334,388.628006195441,448.015447810717
"946",945,415.340281062785,15.0646555634032,388.828991123328,448.474676512826
"947",946,415.618162496912,15.1245793282201,389.032490763405,448.939888495429
"948",947,415.899648639841,15.1854669006885,389.238591625173,449.411290532506
"949",948,416.18486603509,15.2473514118423,389.447384873575,449.88910058034
"950",949,416.473948181829,15.3102678381141,389.658966675565,450.340308969767
"951",950,416.767036063633,15.3742531426335,389.873438579875,450.780536726594
"952",951,417.064278728985,15.4393464304309,390.090907933904,451.227108925501
"953",952,417.365833929745,15.5055891192298,390.311488342203,451.69894085367
"954",953,417.671868824728,15.573025127756,390.490010785639,452.247151099844
"955",954,417.982560756575,15.6417010837761,390.640502651729,452.803947850303
"956",955,418.298098111341,15.7116665544138,390.993136779252,453.340636103305
"957",956,418.618681271667,15.782974301684,391.206230700153,453.847363436341
"958",957,418.944523676112,15.8556805666514,391.388050676757,454.362561896905
"959",958,419.27585299926,15.9298453861706,391.572865174651,454.886599252768
"960",959,419.612912469627,16.0055329468213,391.760806501779,455.419868458274
"961",960,419.955962345246,16.0828119814342,391.952016202806,455.934348089311
"962",961,420.305281570313,16.1617562145449,392.146645955811,456.440869617659
"963",962,420.661169640369,16.2424448642435,392.344858581691,456.911084196139
"964",963,421.023948708579,16.3249632092575,392.546829183809,457.375759766893
"965",964,421.393965971718,16.4094032317741,392.752746438759,457.849755503616
"966",965,421.771596381995,16.4958643485381,393.079740811709,458.333554634526
"967",966,422.157245739946,16.584454245268,393.437906383276,458.899473335123
"968",967,422.551354234962,16.6752898325177,393.608330889741,459.509543355012
"969",968,422.954400514057,16.7684983449503,393.782522344198,460.133662623395
"970",969,423.36690637699,16.864218610788,393.960699624449,460.772653773753
"971",970,423.789442217941,16.9626025242425,394.271634170845,461.427416218912
"972",971,424.222633361844,17.063816761377,394.65141077713,462.098936178367
"973",972,424.667167479114,17.1680447896259,395.014978217036,462.775425198006
"974",973,425.123803308309,17.2754892337586,395.388371343529,463.439611027426
"975",974,425.593380975645,17.3863746773895,395.783906083352,464.157581862392
"976",975,426.07683427799,17.5009510004772,396.167434731234,464.925197409463
"977",976,426.575205398531,17.6194973814861,396.574706562064,465.716859273768
"978",977,427.089662661261,17.7423271305645,396.995033488701,466.549583396159
"979",978,427.62152211516,17.8697935710013,397.429481874673,467.380120093928
"980",979,428.172273991254,18.002297255792,397.879259062668,468.256259829813
"981",980,428.743615424763,18.1402949024863,398.145979641808,469.165623565352
"982",981,429.337491324328,18.2843105648043,398.379906961505,470.111360569838
"983",982,429.956145968256,18.4349497525278,398.623375818943,471.097106001927
"984",983,430.602188919285,18.5929174912209,398.950703168262,472.127088075693
"985",984,431.278680343161,18.7590417273274,399.578400796549,473.206266816936
"986",985,431.989243068261,18.9343041090052,400.175791695574,474.34051636866
"987",986,432.738212197394,19.1198811380727,400.600161492167,475.488183620817
"988",987,433.530838582203,19.3172002179713,401.048909021992,476.59902879553
"989",988,434.373571433397,19.5280176188101,401.525620914663,477.931431823461
"990",989,435.274460441422,19.7545295921778,402.034771498923,479.356861005706
"991",990,436.243744216819,19.9995352517483,402.58204852721,480.891749863409
"992",991,437.294740236082,20.2666833690355,403.17484552496,482.557484758062
"993",992,438.445244774363,20.5608613778985,403.823035820323,484.382660700717
"994",993,439.719842904537,20.8888386732186,404.540248916796,486.406805643498
"995",994,441.153953611611,21.2603958456863,405.428440721593,488.686906157214
"996",995,442.801473534494,21.69046431425,406.473105863176,491.302341324982
"997",996,444.750762378025,22.2036148908644,407.535326703184,494.234382996359
"998",997,447.163214817627,22.8449283263947,409.097907596397,497.960963549446
"999",998,450.389367451532,23.7128679974221,411.032322030673,502.892322207937
"1000",999,455.495314542478,25.1092981078483,413.938137029905,511.174103940066
