"","Yindex","MedFailTimeMLE","MedFailTimeSE","MedFailTimeCI.Lower","MedFailTimeCI.Upper"
"1",0,0,0,0,0
"2",1,192.805499319329,23.2919361712522,147.154143293469,238.456855345189
"3",2,205.489454450318,22.4365974022022,161.514531606377,249.464377294259
"4",3,213.296548623685,21.8432806636021,170.484505218825,256.108592028545
"5",4,219.017935919055,21.378074511794,177.117679817125,260.918192020985
"6",5,223.563583817087,20.9909461806606,182.422085301573,264.7050823326
"7",6,227.34951989669,20.6571041709505,186.862339696735,267.836700096645
"8",7,230.602111557975,20.362267762403,190.692800100104,270.511423015846
"9",8,233.45867493323,20.0973853379262,194.068523487471,272.848826378989
"10",9,236.008995284056,19.8563242878241,197.091314814573,274.926675753539
"11",10,238.315104685166,19.634719717202,199.831761192911,276.79844817742
"12",11,240.4217113414,19.4293444970159,202.340895884027,278.502526798773
"13",12,242.362135578386,19.2377393825453,204.65685924463,280.067411912143
"14",13,244.161895999413,19.0579834738528,206.808934772702,281.514857226124
"15",14,245.840982481263,18.8885452607526,208.820114049833,282.861850912693
"16",15,247.415354869259,18.7281823310595,210.708792004483,284.121917734035
"17",16,248.897964383089,18.5758717197032,212.489924831035,285.306003935144
"18",17,250.29946961222,18.4307602431208,214.175843328011,286.42309589643
"19",18,251.628750745181,18.2921282681862,215.776838138949,287.480663351413
"20",19,252.893286774744,18.1593627510624,217.301589800464,288.484983749025
"21",20,254.099437376526,18.0319368202153,218.757490637402,289.44138411565
"22",21,255.252657045728,17.9093940733937,220.150889676941,290.354424414514
"23",22,256.35766017756,17.7913363316314,221.487281730724,291.228038624397
"24",23,257.418550018215,17.6774139695139,222.771455298163,292.065644738268
"25",24,258.438920599788,17.5673181932716,224.00760963602,292.870231563555
"26",25,259.421938194349,17.460774810961,225.199448422701,293.644427965996
"27",26,260.370407046407,17.3575391593112,226.350255433914,294.390558658901
"28",27,261.28682289866,17.2573919370178,227.462956235014,295.110689562307
"29",28,262.173416940497,17.1601357555309,228.540168889838,295.806664991156
"30",29,263.03219216967,17.0655922629895,229.584245959365,296.480138379975
"31",30,263.864953690258,16.9735997299275,230.597309531601,297.132597848915
"32",31,264.67333412423,16.8840110099345,231.581280630181,297.76538761828
"33",32,265.458815055126,16.7966918070172,232.537904053953,298.379726056298
"34",33,266.222745226706,16.7115191955469,233.468769476484,298.976720976927
"35",34,266.966356070037,16.6283803495549,234.375329463676,299.557382676398
"36",35,267.690775017423,16.5471714465655,235.258914936145,300.122635098701
"37",36,268.3970369722,16.467796717794,236.120748500597,300.673325443803
"38",37,269.086094233453,16.3901676216605,236.961955994423,301.210232472482
"39",38,269.758825119511,16.3142021218045,237.783576524267,301.734073714754
"40",39,270.416041490243,16.2398240540018,238.586571229133,302.245511751354
"41",40,271.058495333146,16.1669625690689,239.371830958364,302.745159707928
"42",41,271.686884550004,16.0955516410046,240.14018302233,303.233586077677
"43",42,272.301858058125,16.0255296313386,240.892397147522,303.711318968728
"44",43,272.904020301576,15.9568389020968,241.629190746359,304.178849856794
"45",44,273.493935252662,15.889425470978,242.351233594512,304.636636910813
"46",45,274.07212997144,15.8232387032783,243.059151994234,305.085107948645
"47",46,274.639097780722,15.7582310359551,243.753532490189,305.524663071255
"48",47,275.195301105506,15.6943577298402,244.434925194532,305.955677016481
"49",48,275.741174018611,15.6315766466083,245.103846769682,306.378501267541
"50",49,276.277124528365,15.5698480475741,245.760783110359,306.793465946372
"51",50,276.803536639173,15.5091344117734,246.406191760706,307.200881517639
"52",51,277.320772211558,15.4494002711559,247.040504097349,307.601040325767
"53",52,277.829172644726,15.3906120609627,247.664127305211,307.994217984241
"54",53,278.329060401633,15.3327379836296,248.27744616933,308.380674633937
"55",54,278.820740393981,15.2757478847851,248.880824702889,308.760656085074
"56",55,279.304501242335,15.2196131400326,249.474607629239,309.134394855432
"57",56,279.780616424679,15.1643065514373,250.059121733338,309.502111116021
"58",57,280.249345325084,15.1098022527053,250.63467709626,309.864013553909
"59",58,280.710934192762,15.0560756221955,251.201568224747,310.220300160777
"60",59,281.165617020569,15.0031032030036,251.760075086344,310.571158954794
"61",60,281.613616350965,14.9508626294139,252.310464059508,310.916768642422
"62",61,282.055144016518,14.8993325591321,252.852988806934,311.257299226102
"63",62,282.490401821248,14.8484926107658,253.387891079438,311.592912563059
"64",63,282.919582168418,14.7983233060321,253.915401457015,311.923762879821
"65",64,283.342868639736,14.7488060163163,254.435740032789,312.249997246684
"66",65,283.760436530458,14.6999229131601,254.949117045149,312.571756015767
"67",66,284.172453344335,14.6516569223208,255.455733462749,312.889173225921
"68",67,284.579079252013,14.6039916811607,255.955781526415,313.20237697761
"69",68,284.980467516051,14.5569114989879,256.449445251898,313.511489780204
"70",69,285.376764885473,14.5104013201832,256.936900896691,313.816628874254
"71",70,285.768111962416,14.4644466898309,257.418317394048,314.117906530784
"72",71,286.154643543241,14.4190337216842,257.893856756872,314.415430329611
"73",72,286.536488936199,14.3741490682391,258.36367445404,314.709303418357
"74",73,286.913772257571,14.3297798927922,258.827919761312,314.99962475383
"75",74,287.286612708024,14.2859138432941,259.286736088925,315.286489327123
"76",75,287.655124830733,14.2425390278775,259.740261287687,315.569988373779
"77",76,288.019418752716,14.1996439919211,260.18862793526,315.850209570172
"78",77,288.379600410666,14.1572176965468,260.631963604141,316.127237217191
"79",78,288.735771762473,14.1152494984375,261.070391112738,316.401152412207
"80",79,289.088030985508,14.0737291308621,261.504028760846,316.67203321017
"81",80,289.436472662654,14.0326466858629,261.932990550587,316.939954774721
"82",81,289.781187956984,13.9919925974643,262.357386394003,317.204989519965
"83",82,290.122264775916,13.9517576258959,262.777322308128,317.467207243704
"84",83,290.459787925585,13.9119328426946,263.192900598563,317.726675252606
"85",84,290.793839256143,13.8725096166753,263.604220032274,317.983458480012
"86",85,291.124497798608,13.833479600682,264.011376000402,318.237619596814
"87",86,291.451839893846,13.7948347190903,264.414460671746,318.489219115945
"88",87,291.775939314238,13.7565671559668,264.813563137636,318.738315490839
"89",88,292.096867378511,13.7186693439185,265.208769548617,318.984965208405
"90",89,292.414693060196,13.6811339534977,265.600163243672,319.229222876719
"91",90,292.729483090134,13.6439538831967,265.987824872343,319.471141307925
"92",91,293.04130205342,13.6071222499637,266.371832510257,319.710771596582
"93",92,293.350212481138,13.5706323802014,266.75226176851,319.948163193766
"94",93,293.656274937233,13.5344778012495,267.129185897227,320.183363977239
"95",94,293.959548100809,13.4986522332791,267.50267588375,320.416420317867
"96",95,294.260088844158,13.4631495816097,267.872800545728,320.647377142589
"97",96,294.557952306772,13.4279639294054,268.239626619434,320.87627799411
"98",97,294.853191965586,13.393089530733,268.603218843629,321.103165087543
"99",98,295.145859701687,13.3585208039495,268.963640039217,321.328079364157
"100",99,295.436005863692,13.324252325428,269.320951184929,321.551060542454
"101",100,295.723679327999,13.2902788235663,269.675211489314,321.772147166684
"102",101,296.008927556096,13.2565951730887,270.026478459215,321.991376652978
"103",102,296.291796649092,13.2231963896114,270.374807964954,322.208785333231
"104",103,296.572331399639,13.1900776244634,270.720254302403,322.424408496875
"105",104,296.850575341384,13.1572341597453,271.062870252123,322.638280430645
"106",105,297.126570796107,13.1246614036125,271.402707135743,322.85043445647
"107",106,297.400358918653,13.0923548857683,271.73981486973,323.060902967576
"108",107,297.671979739801,13.0603102531665,272.074242016675,323.269717462926
"109",108,297.941472207167,13.0285232658929,272.406035834274,323.476908580059
"110",109,298.20887422426,12.9969897932444,272.735242322066,323.682506126454
"111",110,298.474222687787,12.9657058099611,273.061906266122,323.886539109453
"112",111,298.737553523294,12.9346673926293,273.386071281736,324.089035764853
"113",112,298.998901719244,12.9038707162443,273.707779854244,324.290023584244
"114",113,299.258301359599,12.8733120508985,274.027073378093,324.489529341106
"115",114,299.515785655006,12.8429877586441,274.343992194175,324.687579115837
"116",115,299.771386972625,12.8128942904418,274.65857562564,324.88419831961
"117",116,300.025136864709,12.7830281832678,274.970862012143,325.079411717274
"118",117,300.277066095965,12.7533860573374,275.280888742648,325.273243449281
"119",118,300.527204669778,12.7239646134188,275.588692286915,325.465717052641
"120",119,300.775581853345,12.6947606302825,275.894308225634,325.656855481056
"121",120,301.02222620178,12.6657709622292,276.197771279377,325.846681124182
"122",121,301.267165581229,12.6369925367333,276.499115336331,326.035215826128
"123",122,301.510427191063,12.6084223521652,276.798373478949,326.222480903176
"124",123,301.752037585164,12.5800574756185,277.095578009508,326.40849716082
"125",124,301.992022692382,12.5518950408004,277.390760474687,326.593284910078
"126",125,302.230407836174,12.5239322460157,277.683951689164,326.776863983185
"127",126,302.467217753477,12.4961663522337,277.975181758278,326.959253748677
"128",127,302.70247661285,12.468594681208,278.264480099854,327.140473125845
"129",128,302.936208031914,12.4412146136868,278.551875465155,327.320540598674
"130",129,303.168435094132,12.4140235876783,278.837395959052,327.499474229212
"131",130,303.399180364941,12.3870190967812,279.12106905944,327.677291670442
"132",131,303.62846590729,12.3601986885794,279.402921635916,327.854010178665
"133",132,303.856313296589,12.3335599630964,279.682979967755,328.029646625424
"134",133,304.082743635106,12.3071005712925,279.961269761261,328.204217508952
"135",134,304.307777565836,12.2808182136376,280.237816166423,328.377738965249
"136",135,304.53143528586,12.2547106387179,280.512643793013,328.550226778707
"137",136,304.753736559226,12.2287756418864,280.785776726108,328.721696392344
"138",137,304.974700729359,12.20301106399,281.057238540995,328.892162917723
"139",138,305.194346731034,12.1774147901038,281.327052317625,329.061641144443
"140",139,305.412693101921,12.1519847483382,281.595240654498,329.230145549344
"141",140,305.629757993723,12.1267189086625,281.861825682104,329.397690305342
"142",141,305.845559182928,12.1016152817976,282.126829075845,329.564289290011
"143",142,306.060114081186,12.0766719181146,282.390272068575,329.729956093797
"144",143,306.273439745326,12.0518869065872,282.652175462665,329.894704027987
"145",144,306.485552887035,12.0272583737928,282.912559641644,330.058546132427
"146",145,306.696469882205,12.0027844829032,283.171444581518,330.221495182891
"147",146,306.906206779962,11.9784634327613,283.42884986162,330.383563698305
"148",147,307.114779311401,11.9542934569487,283.684794675159,330.544763947643
"149",148,307.322202898019,11.9302728228999,283.939297839398,330.705107956639
"150",149,307.528492659876,11.9063998310446,284.192377805495,330.864607514258
"151",150,307.733663423491,11.8826728139697,284.444052668037,331.023274178945
"152",151,307.937729729469,11.859090135619,284.694340174241,331.181119284696
"153",152,308.14070583989,11.8356501905103,284.943257732876,331.338153946905
"154",153,308.342605745463,11.812351402981,285.190822422889,331.494389068037
"155",154,308.543443172436,11.7891922264479,285.437051001778,331.649835343093
"156",155,308.743231589304,11.7661711427056,285.681959913666,331.804503264941
"157",156,308.941984213295,11.7432866612362,285.925565297142,331.958403129447
"158",157,309.139714016652,11.7205373185346,286.167882992867,332.111545040438
"159",158,309.336433732728,11.6979216774764,286.408928550904,332.263938914552
"160",159,309.53215586188,11.6754383266728,286.648717237882,332.415594485877
"161",160,309.726892677188,11.6530858798743,286.887264043883,332.566521310494
"162",161,309.920656230005,11.630862975374,287.124583689152,332.716728770859
"163",162,310.113458355325,11.6087682754359,287.360690630599,332.86622608005
"164",163,310.305310676996,11.5868004657458,287.595599068082,333.01502228591
"165",164,310.496224612782,11.5649582548501,287.829322950566,333.163126274997
"166",165,310.686211379261,11.543240373656,288.061875982006,333.310546776515
"167",166,310.875281996588,11.5216455749082,288.293271627133,333.457292366043
"168",167,311.063447293115,11.5001726326983,288.523523117033,333.603371469196
"169",168,311.250717909871,11.4788203419799,288.752643454585,333.748792365158
"170",169,311.437104304921,11.4575875181103,288.980645419709,333.893563190132
"171",170,311.622616757585,11.4364729963855,289.207541574504,334.037691940665
"172",171,311.80726537255,11.4154756316078,289.433344268204,334.181186476896
"173",172,311.991060083855,11.3945942976539,289.658065642008,334.324054525702
"174",173,312.174010658765,11.3738278870567,289.881717633777,334.466303683754
"175",174,312.356126701537,11.353175310605,290.104311982581,334.607941420492
"176",175,312.537417657074,11.3326354969376,290.325860233156,334.748975080992
"177",176,312.717892814488,11.3122073921727,290.546373740182,334.889411888795
"178",177,312.897561310554,11.2918899595314,290.765863672483,335.029258948624
"179",178,313.076432133067,11.2716821789649,290.984341017114,335.168523249021
"180",179,313.254514124122,11.2515830468118,291.201816583309,335.307211664934
"181",180,313.431815983282,11.2315915754546,291.418301006327,335.445330960236
"182",181,313.608346270679,11.211706792974,291.633804751227,335.582887790131
"183",182,313.784113410021,11.1919277428355,291.848338116489,335.719888703553
"184",183,313.959125691521,11.1722534835586,292.061911237594,335.856340145448
"185",184,314.133391274746,11.1526830884189,292.274534090456,335.992248459036
"186",185,314.306918191393,11.1332156451447,292.486216494791,336.127619887994
"187",186,314.479714347988,11.1138502556175,292.696968117406,336.26246057857
"188",187,314.651787528519,11.094586035587,292.906798475388,336.396776581651
"189",188,314.823145396995,11.0754221143995,293.115716939193,336.530573854796
"190",189,314.993795499938,11.0563576347226,293.323732735687,336.663858264189
"191",190,315.163745268816,11.0373917522726,293.530854951103,336.79663558653
"192",191,315.333002022412,11.0185236355718,293.737092533887,336.928911510936
"193",192,315.501572969122,10.9997524656774,293.942454297538,337.060691640705
"194",193,315.669465209211,10.9810774359572,294.14694892329,337.191981495133
"195",194,315.836685737001,10.9624977518321,294.350584962809,337.322786511194
"196",195,316.003241443005,10.9440126305536,294.553370840768,337.453112045241
"197",196,316.169139116007,10.925621300969,294.755314857384,337.58296337463
"198",197,316.334385445096,10.9073230033095,294.956425190864,337.712345699328
"199",198,316.498987021643,10.8891169889538,295.15670989985,337.841264143436
"200",199,316.66295034123,10.8710025202428,295.35617692571,337.96972375675
"201",200,316.826281805534,10.8529788702482,295.554834094874,338.097729516195
"202",201,316.988987724165,10.8350453225883,295.752689121033,338.225286327297
"203",202,317.151074316453,10.8172011712184,295.94974960734,338.352399025566
"204",203,317.312547713203,10.7994457202468,296.146023048524,338.479072377882
"205",204,317.473413958396,10.7817782837489,296.341516832952,338.60531108384
"206",205,317.633679010858,10.7641981855752,296.536238244679,338.731119777037
"207",206,317.793348745881,10.7467047591777,296.730194465408,338.856503026355
"208",207,317.952428956816,10.7292973474307,296.923392576431,338.981465337202
"209",208,318.110925356617,10.7119753024662,297.115839560501,339.106011152734
"210",209,318.268843579356,10.694737985507,297.30754230367,339.230144855043
"211",210,318.426189181702,10.6775847666942,297.498507597108,339.353870766296
"212",211,318.582967644359,10.6605150249349,297.688742138839,339.47719314988
"213",212,318.739184373483,10.643528147751,297.878252535453,339.600116211513
"214",213,318.894844702053,10.6266235311129,298.067045303805,339.7226441003
"215",214,319.049953891216,10.6098005793032,298.25512687263,339.844780909803
"216",215,319.204517131608,10.5930587047624,298.442503584155,339.966530679061
"217",216,319.358539544631,10.576397327957,298.62918169565,340.087897393613
"218",217,319.512026183713,10.5598158772326,298.815167380963,340.208884986463
"219",218,319.664982035534,10.5433137886765,299.000466732024,340.329497339045
"220",219,319.817412021225,10.5268905059809,299.185085760306,340.449738282144
"221",220,319.969320997542,10.5105454803328,299.369030398219,340.569611596864
"222",221,320.12071375801,10.4942781702599,299.552306500556,340.689121015465
"223",222,320.27159503405,10.4780880415249,299.734919845821,340.808270222279
"224",223,320.421969496068,10.4619745669955,299.916876137583,340.927062854553
"225",224,320.571841754534,10.4459372265229,300.098181005783,341.045502503285
"226",225,320.721216361026,10.4299755068348,300.278840007995,341.163592714057
"227",226,320.870097809261,10.4140889014091,300.458858630701,341.281336987822
"228",227,321.018490536096,10.3982769103676,300.638242290501,341.398738781691
"229",228,321.16639892251,10.3825390403685,300.816996335306,341.515801509713
"230",229,321.313827294566,10.3668748044948,300.995126045521,341.632528543612
"231",230,321.460779924354,10.3512837221539,301.172636635176,341.748923213531
"232",231,321.607261030907,10.3357653189653,301.349533253077,341.864988808737
"233",232,321.753274781108,10.3203191266717,301.525820983871,341.980728578344
"234",233,321.898825290565,10.3049446830335,301.701504849142,342.096145731988
"235",234,322.043916624483,10.289641531733,301.876589808459,342.211243440508
"236",235,322.188552798503,10.2744092222799,302.051080760408,342.326024836598
"237",236,322.332737779532,10.2592473099181,302.224982543603,342.440493015461
"238",237,322.476475486555,10.2441553555359,302.398299937672,342.554651035439
"239",238,322.619769791429,10.2291329255767,302.571037664225,342.668501918632
"240",239,322.762624519657,10.2141795919481,302.743200387814,342.782048651499
"241",240,322.905043451156,10.1992949319435,302.914792716844,342.895294185467
"242",241,323.047030320998,10.1844785281533,303.085819204496,343.0082414375
"243",242,323.188588820145,10.1697299683803,303.256284349622,343.120893290668
"244",243,323.329722596163,10.1550488455661,303.426192597608,343.233252594718
"245",244,323.470435253924,10.1404347577051,303.595548341244,343.345322166604
"246",245,323.610730356294,10.125887307774,303.764355921546,343.457104791042
"247",246,323.75061142481,10.1114061036473,303.932619628603,343.568603221017
"248",247,323.890081940336,10.0969907580319,304.10034370236,343.679820178312
"249",248,324.029145343715,10.0826408883894,304.26753233342,343.790758354009
"250",249,324.167805036399,10.0683561168613,304.434189663827,343.901420408971
"251",250,324.306064381078,10.0541360702051,304.600319787811,344.011808974345
"252",251,324.443926702285,10.0399803797222,304.76592675254,344.121926652029
"253",252,324.581395286995,10.0258886811893,304.931014558856,344.231776015133
"254",253,324.718473385214,10.0118606147936,305.095587161983,344.341359608444
"255",254,324.855164210552,9.99789582506996,305.259648472232,344.450679948873
"256",255,324.991470940791,9.983993960832,305.423202355695,344.559739525887
"257",256,325.127396718433,9.97015467511114,305.586252634921,344.668540801944
"258",257,325.262944651248,9.9563776250995,305.748803089572,344.777086212923
"259",258,325.398117812803,9.94266247208189,305.910857457084,344.885378168521
"260",259,325.532919242987,9.92900888138566,306.072419433293,344.993419052682
"261",260,325.667351948524,9.91541652231215,306.233492673079,345.101211223969
"262",261,325.801418903473,9.90188506808754,306.394080790966,345.208757015979
"263",262,325.935123049723,9.88841419580707,306.554187361726,345.316058737719
"264",263,326.06846729748,9.87500358637227,306.713815920986,345.423118673973
"265",264,326.201454525739,9.86165292444807,306.872969965787,345.529939085691
"266",265,326.334087582752,9.84836189839527,307.031652955181,345.636522210324
"267",266,326.466369286487,9.83513020023329,307.189868310767,345.742870262206
"268",267,326.598302425074,9.82195752557832,307.347619417259,345.84898543289
"269",268,326.729889757253,9.80884357360289,307.504909623004,345.954869891501
"270",269,326.861134012798,9.79578804697982,307.66174224053,346.060525785067
"271",270,326.992037892954,9.78279065182975,307.818120547072,346.165955238835
"272",271,327.122604070842,9.76985109768279,307.974047785065,346.27116035662
"273",272,327.252835191881,9.756969097429,308.12952716265,346.376143221113
"274",273,327.382733874184,9.74414436726209,308.284561854192,346.480905894177
"275",274,327.512302708955,9.73137662665678,308.439155000713,346.585450417197
"276",275,327.641544260877,9.71866559830358,308.593309710414,346.689778811341
"277",276,327.770461068498,9.70601100807124,308.747029059129,346.793893077867
"278",277,327.8990556446,9.6934125849685,308.900316090775,346.897795198426
"279",278,328.027330476572,9.68087006109775,309.053173817808,347.001487135335
"280",279,328.155288026768,9.66838317161539,309.205605221669,347.104970831867
"281",280,328.282930732867,9.65595165469018,309.357613253215,347.20824821252
"282",281,328.41026100822,9.64357525146078,309.509200833155,347.311321183285
"283",282,328.537281242192,9.63125370600335,309.660370852458,347.414191631927
"284",283,328.663993800502,9.61898676528333,309.81112617278,347.516861428225
"285",284,328.790401025554,9.60677417913237,309.961469626845,347.619332424263
"286",285,328.916505236762,9.59461570019137,310.111404018884,347.721606454639
"287",286,329.042308730869,9.58251108389227,310.260932124985,347.823685336754
"288",287,329.167813782268,9.57046008840441,310.410056693517,347.925570871019
"289",288,329.293022643304,9.55846247461525,310.55878044548,348.027264841127
"290",289,329.417937544581,9.54651800609076,310.70710607488,348.128769014282
"291",290,329.542560695264,9.53462644903228,310.855036249118,348.230085141411
"292",291,329.666894283371,9.52278757224949,311.002573609337,348.331214957406
"293",292,329.79094047606,9.51100114713141,311.149720770763,348.432160181357
"294",293,329.914701419917,9.49926694760622,311.296480323077,348.532922516757
"295",294,330.038179241234,9.48758475011577,311.442854830736,348.633503651732
"296",295,330.161376046284,9.47595433357438,311.588846833332,348.733905259236
"297",296,330.284293921592,9.46437547934699,311.734458845908,348.834128997276
"298",297,330.406934934202,9.45284797121927,311.87969335928,348.934176509124
"299",298,330.529301131936,9.44137159535635,312.024552840378,349.034049423494
"300",299,330.651394543653,9.42994614028279,312.169039732546,349.13374935476
"301",300,330.773217179504,9.41857139685734,312.313156455844,349.233277903163
"302",301,330.894771031178,9.4072471582273,312.456905407386,349.33263665497
"303",302,331.01605807215,9.39597321981636,312.600288961607,349.431827182693
"304",303,331.13708025792,9.38474937929344,312.74330947057,349.53085104527
"305",304,331.257839526251,9.37357543654429,312.885969264255,349.629709788247
"306",305,331.378337797403,9.36245119363175,313.028270650871,349.728404943936
"307",306,331.498576974364,9.35137645479592,313.170215917088,349.82693803164
"308",307,331.618558943072,9.34035102640432,313.311807328358,349.925310557786
"309",308,331.738285572642,9.32937471693575,313.45304712917,350.023524016115
"310",309,331.857758715585,9.31844733696235,313.593937543305,350.121579887864
"311",310,331.976980208018,9.30756869910305,313.734480774144,350.219479641892
"312",311,332.095951869885,9.29673861802831,313.874679004867,350.317224734903
"313",312,332.214675505158,9.28595691040498,314.014534398774,350.414816611543
"314",313,332.333152902049,9.27522339489719,314.154049099487,350.512256704611
"315",314,332.451385833207,9.26453789213559,314.293225231215,350.609546435199
"316",315,332.569376055922,9.253900224683,314.432064899016,350.706687212828
"317",316,332.687125312319,9.24331021702963,314.57057018901,350.803680435628
"318",317,332.804635329551,9.23276769555807,314.708743168633,350.90052749047
"319",318,332.921907819993,9.22227248852682,314.846585886865,350.99722975312
"320",319,333.038944481423,9.21182442604726,314.984100374464,351.093788588382
"321",320,333.155746997213,9.20142334006806,315.121288644174,351.190205350253
"322",321,333.272317036509,9.19106906433255,315.258152690997,351.286481382021
"323",322,333.388656254407,9.18076143438466,315.394694492358,351.382618016455
"324",323,333.504766292133,9.17050028754145,315.530916008338,351.478616575929
"325",324,333.620648777218,9.16028546286216,315.666819181902,351.574478372534
"326",325,333.736305323663,9.15011680113424,315.802405939105,351.670204708221
"327",326,333.851737532116,9.13999414486249,315.937678189279,351.765796874953
"328",327,333.96694699003,9.12991733823553,316.072637825261,351.8612561548
"329",328,334.081935271834,9.11988622711747,316.207286723581,351.956583820087
"330",329,334.196703939088,9.10990065902338,316.341626744665,352.051781133512
"331",330,334.311254540648,9.09996048309767,316.475659733039,352.146849348257
"332",331,334.425588612817,9.09006555011777,316.609387517478,352.241789708156
"333",332,334.539707679504,9.0802157124368,316.742811911273,352.336603447734
"334",333,334.653613252372,9.07041082401233,316.875934712326,352.431291792419
"335",334,334.767306830994,9.06065074034854,317.008757703415,352.525855958573
"336",335,334.880789902993,9.0509353184956,317.14128265234,352.620297153646
"337",336,334.994063944193,9.04126441704262,317.273511312086,352.7146165763
"338",337,335.107130418762,9.03163789609099,317.405445421017,352.808815416507
"339",338,335.219990779352,9.0220556172339,317.537086703056,352.902894855647
"340",339,335.332646467239,9.01251744353559,317.66843686787,352.996856066607
"341",340,335.445098912461,9.00302323955235,317.799497610961,353.090700213961
"342",341,335.557349533955,8.99357287125973,317.930270613949,353.18442845396
"343",342,335.669399739687,8.98416620608596,318.060757544636,353.278041934737
"344",343,335.781250926787,8.97480311286127,318.190960057241,353.371541796333
"345",344,335.892904481679,8.96548346183483,318.320879792493,353.464929170865
"346",345,336.004361780207,8.95620712463328,318.450518377845,353.55820518257
"347",346,336.115624187764,8.9469739742578,318.579877427602,353.651370947927
"348",347,336.226693059414,8.93778388507463,318.708958543065,353.744427575763
"349",348,336.337569740017,8.92863673278583,318.837763312716,353.837376167319
"350",349,336.448255564351,8.91953239442581,318.966293312338,353.930217816364
"351",350,336.558751857228,8.91047074835453,319.094550105155,354.0229536093
"352",351,336.669059933616,8.90145167422102,319.222535242019,354.115584625213
"353",352,336.779181098753,8.89247505297249,319.350250261506,354.208111936
"354",353,336.889116648263,8.88354076684042,319.477696690063,354.300536606464
"355",354,336.99886786827,8.87464869930014,319.604876042196,354.392859694343
"356",355,337.108436035506,8.86579873509258,319.731789820543,354.485082250468
"357",356,337.217822417426,8.85699076019334,319.858439516043,354.577205318809
"358",357,337.327028272314,8.84822466178486,319.984826608096,354.669229936531
"359",358,337.436054849392,8.83950032829735,320.110952564599,354.761157134184
"360",359,337.544903388923,8.83081764933466,320.236818842187,354.85298793566
"361",360,337.653575122321,8.82217651568521,320.362426886323,354.944723358319
"362",361,337.762071272248,8.81357681933968,320.487778131365,355.03636441313
"363",362,337.870393052718,8.8050184534325,320.61287400078,355.127912104657
"364",363,337.978541669202,8.79650131225255,320.737715907228,355.219367431176
"365",364,338.086518318719,8.7880252912338,320.862305252674,355.310731384765
"366",365,338.194324189942,8.77959028694261,320.986643428516,355.402004951367
"367",366,338.301960463287,8.77119619706481,321.110731815705,355.493189110868
"368",367,338.409428311015,8.76284292038264,321.234571784884,355.584284837147
"369",368,338.516728897324,8.75453035679475,321.358164696444,355.675293098204
"370",369,338.623863378439,8.74625840726289,321.481511900723,355.766214856155
"371",370,338.730832902709,8.73802697385499,321.604614738014,355.857051067404
"372",371,338.837638610692,8.72983595967151,321.727474538793,355.947802682591
"373",372,338.944281635251,8.72168526888489,321.850092623743,356.038470646758
"374",373,339.050763101635,8.71357480670895,321.97247030389,356.12905589938
"375",374,339.157084127573,8.70550447940812,322.094608880681,356.219559374465
"376",375,339.263245823356,8.69747419424647,322.216509646166,356.309982000545
"377",376,339.369249291924,8.6894838595167,322.338173883029,356.400324700819
"378",377,339.475095628949,8.68153338451562,322.459602864716,356.490588393182
"379",378,339.580785922919,8.67362267953616,322.580797855538,356.5807739903
"380",379,339.686321255219,8.66575165585591,322.701760110773,356.670882399665
"381",380,339.791702700214,8.65792022573896,322.822490876745,356.760914523683
"382",381,339.896931325325,8.65012830239732,322.942991390975,356.850871259674
"383",382,340.002008191112,8.64237580002612,323.0632628822,356.940753500024
"384",383,340.106934351352,8.63466263375467,323.183306570539,357.030562132165
"385",384,340.211710853112,8.62698871966126,323.303123667543,357.120298038682
"386",385,340.316338736831,8.61935397476101,323.422715376298,357.209962097365
"387",386,340.420819036391,8.61175831697324,323.54208289156,357.299555181222
"388",387,340.525152779193,8.60420166515288,323.661227399774,357.389078158612
"389",388,340.62934098623,8.59668393906447,323.78015007919,357.47853189327
"390",389,340.733384672161,8.58920505935252,323.898852100001,357.567917244321
"391",390,340.837284845381,8.58176494756928,324.017334624357,357.657235066405
"392",391,340.941042508094,8.57436352614494,324.135598806496,357.746486209692
"393",392,341.044658656381,8.56700071838475,324.253645792819,357.835671519944
"394",393,341.148134280272,8.55967644845246,324.371476721989,357.924791838554
"395",394,341.25147036381,8.55239064139107,324.489092724966,358.013848002654
"396",395,341.354667885125,8.54514322307543,324.606494925161,358.102840845089
"397",396,341.457727816496,8.53793412023965,324.723684438451,358.191771194541
"398",397,341.560651124419,8.53076326044305,324.840662373313,358.280639875525
"399",398,341.663438769673,8.52363057208374,324.957429830864,358.369447708481
"400",399,341.766091707383,8.51653598437463,325.07398790497,358.458195509797
"401",400,341.868610887087,8.50947942734316,325.19033768231,358.546884091864
"402",401,341.970997252796,8.5024608318344,325.306480242438,358.635514263154
"403",402,342.073251743059,8.49548012949016,325.422416657882,358.724086828235
"404",403,342.175375291021,8.48853725273817,325.538147994228,358.812602587815
"405",404,342.277368824492,8.48163213480177,325.653675310163,358.901062338821
"406",405,342.379233265999,8.47476470968554,325.768999657564,358.989466874433
"407",406,342.48096953285,8.46793491216425,325.884122081578,359.077816984121
"408",407,342.582578537193,8.46114267777512,325.999043620699,359.166113453687
"409",408,342.684061186075,8.4543879428272,326.113765306804,359.254357065346
"410",409,342.785418381499,8.44767064437977,326.228288165259,359.34254859774
"411",410,342.886651020481,8.44099072024122,326.342613214971,359.430688825991
"412",411,342.987759995107,8.43434810895408,326.456741468484,359.51877852173
"413",412,343.08874619259,8.42774274980412,326.570673932005,359.606818453175
"414",413,343.189610495325,8.42117458280524,326.684411605502,359.694809385147
"415",414,343.290353780943,8.41464354869111,326.797955482766,359.78275207912
"416",415,343.390976922366,8.40814958892411,326.91130655145,359.870647293283
"417",416,343.491480787863,8.40169264566609,327.024465793183,359.958495782544
"418",417,343.591866241099,8.39527266179052,327.137434183596,360.046298298602
"419",418,343.69213414119,8.38888958087395,327.250212692394,360.134055589986
"420",419,343.792285342756,8.38254334717334,327.36280228345,360.221768402061
"421",420,343.892320695971,8.37623390566242,327.475203914789,360.309437477152
"422",421,343.992241046614,8.36996120197073,327.587418538754,360.397063554474
"423",422,344.092047236122,8.36372518242331,327.699447101982,360.484647370262
"424",423,344.191740101637,8.35752579400388,327.811290545525,360.572189657749
"425",424,344.291320476056,8.35136298437703,327.922949804856,360.659691147256
"426",425,344.390789188083,8.34523670187212,328.034425809952,360.747152566214
"427",426,344.490147062275,8.33914689545661,328.145719485391,360.834574639159
"428",427,344.589394919088,8.33309351476507,328.256831750345,360.921958087832
"429",428,344.688533574932,8.3270765100794,328.367763518667,361.009303631197
"430",429,344.787563842209,8.32109583231579,328.478515698963,361.096611985454
"431",430,344.886486529366,8.31515143303974,328.589089194611,361.18388386412
"432",431,344.98530244094,8.30924326443196,328.699484903871,361.271119978009
"433",432,345.084012377602,8.30337127932068,328.809703719869,361.358321035335
"434",433,345.182617136205,8.29753543114044,328.919746530725,361.445487741685
"435",434,345.281117509827,8.29173567395379,329.029614219551,361.532620800102
"436",435,345.379514287815,8.28597196243799,329.139307664528,361.619720911102
"437",436,345.477808255832,8.28024425186448,329.248827738983,361.706788772681
"438",437,345.576000195899,8.27455249813108,329.358175311376,361.793825080421
"439",438,345.674090886437,8.26889665772379,329.467351245414,361.880830527459
"440",439,345.772081102313,8.26327668771725,329.576356400097,361.967805804528
"441",440,345.869971614879,8.25769254580323,329.6851916297,362.054751600058
"442",441,345.967763192019,8.25214419023114,329.793857783934,362.141668600103
"443",442,346.065456598184,8.24663157985756,329.902355707893,362.228557488476
"444",443,346.163052594441,8.24115467410068,330.01068624218,362.315418946703
"445",444,346.260551938508,8.23571343297218,330.11885022289,362.402253654126
"446",445,346.357955384798,8.23030781702788,330.226848481744,362.489062287851
"447",446,346.455263684457,8.22493778742084,330.334681846029,362.575845522884
"448",447,346.552477585407,8.21960330585183,330.442351138731,362.662604032083
"449",448,346.649597832384,8.21430433457639,330.549857178563,362.749338486205
"450",449,346.746625166976,8.20904083641884,330.657200779977,362.836049553975
"451",450,346.843560327665,8.20381277474738,330.76438275325,362.922737902079
"452",451,346.940404049863,8.19862011347033,330.871403904535,363.00940419519
"453",452,347.037157065951,8.1934628170749,330.978265035817,363.096049096086
"454",453,347.13382010532,8.18834085053815,331.084966945127,363.182673265513
"455",454,347.230393894402,8.18325417941901,331.191510426404,363.2692773624
"456",455,347.326879156715,8.17820276978324,331.297896269674,363.355862043756
"457",456,347.423276612896,8.17318658823854,331.404125261023,363.442427964769
"458",457,347.519586980737,8.16820560191986,331.510198182656,363.528975778818
"459",458,347.615810975225,8.1632597784853,331.61611581295,363.615506137501
"460",459,347.711949308576,8.15834908610483,331.721878926505,363.702019690646
"461",460,347.808002690269,8.15347349348106,331.827488294144,363.788517086394
"462",461,347.903971827088,8.14863296982006,331.932944683005,363.874998971171
"463",462,347.99985742315,8.14382748483061,332.038248856575,363.961465989726
"464",463,348.095660179946,8.13905700876277,332.143401574653,364.04791878524
"465",464,348.191380796373,8.13432151232486,332.248403593547,364.134357999199
"466",465,348.287019968767,8.1296209667613,332.353255665953,364.220784271581
"467",466,348.382578390943,8.12495534380876,332.457958541082,364.307198240805
"468",467,348.478056754224,8.12032461569533,332.562512964687,364.393600543761
"469",468,348.573455747476,8.11572875513582,332.666919679114,364.479991815838
"470",469,348.668776057144,8.11116773534522,332.771179423304,364.566372690984
"471",470,348.764018367284,8.10664153002682,332.875292932854,364.652743801713
"472",471,348.859183359593,8.10215011335677,332.979260940076,364.739105779109
"473",472,348.954271713448,8.09769346000451,333.083084173994,364.825459252902
"474",473,349.049284105935,8.09327154511723,333.186763360403,364.911804851468
"475",474,349.144221211883,8.08888434432224,333.290299221901,364.998143201864
"476",475,349.239083703893,8.08453183371137,333.393692477951,365.084474929835
"477",476,349.333872252375,8.0802139898468,333.496943844899,365.170800659852
"478",477,349.428587525579,8.07593078977781,333.600054035976,365.257121015181
"479",478,349.523230189621,8.07168221099256,333.703023761423,365.343436617819
"480",479,349.617800908524,8.06746823147431,333.805853728413,365.429748088634
"481",480,349.712300344239,8.06328882964237,333.908544641196,365.516056047283
"482",481,349.806729156687,8.05914398440106,334.011097201038,365.602361112336
"483",482,349.90108800378,8.05503367508408,334.113512106358,365.688663901202
"484",483,349.995377541458,8.05095788150711,334.215790052655,365.774965030261
"485",484,350.089598423717,8.04691658391569,334.317931732644,365.86126511479
"486",485,350.18375130264,8.04290976302328,334.419937836209,365.947564769071
"487",486,350.277836828429,8.03893739998071,334.521809050494,366.033864606363
"488",487,350.371855649431,8.03499947640345,334.623546059882,366.12016523898
"489",488,350.465808412171,8.03109597432281,334.725149546114,366.206467278229
"490",489,350.559695761383,8.02722687623845,334.826620188224,366.292771334543
"491",490,350.653518340036,8.02339216508403,334.92795866263,366.379078017441
"492",491,350.747276789364,8.01959182422538,335.02916564317,366.465387935558
"493",492,350.840971748898,8.0158258374731,335.130241801106,366.551701696691
"494",493,350.934603856495,8.01209418906614,335.231187805182,366.638019907807
"495",494,351.028173748361,8.00839686368806,335.332004321629,366.724343175093
"496",495,351.121682059089,8.00473384643963,335.432692014239,366.81067210394
"497",496,351.215129421681,8.0011051228695,335.533251544338,366.897007299024
"498",497,351.308516467579,7.99751067893584,335.63368357089,366.983349364267
"499",498,351.401843826692,7.99395050103335,335.733988750471,367.069698902913
"500",499,351.495112127428,7.99042457599483,335.834167737294,367.156056517561
"501",500,351.588321996717,7.98693289104171,335.934221183337,367.242422810097
"502",501,351.681474060045,7.98347543386199,336.034149738215,367.328798381874
"503",502,351.774568941475,7.9800521925243,336.133954049377,367.415183833572
"504",503,351.867607263681,7.97666315554851,336.233634761998,367.501579765364
"505",504,351.960589647974,7.97330831185247,336.333192519109,367.587986776838
"506",505,352.053516714327,7.96998765077891,336.432627961571,367.674405467082
"507",506,352.146389081405,7.96670116207847,336.531941728138,367.760836434672
"508",507,352.239207366593,7.96344883593299,336.631134455437,367.847280277749
"509",508,352.331972186023,7.96023066291652,336.730206778075,367.93373759397
"510",509,352.424684154597,7.95704663402222,336.829159328608,368.020208980587
"511",510,352.517343886023,7.95389674066718,336.927992737564,368.106695034481
"512",511,352.609951992831,7.9507809746644,337.026707633523,368.19319635214
"513",512,352.702509086411,7.94769932823855,337.12530464311,368.279713529712
"514",513,352.795015777031,7.9446517940088,337.223784391063,368.366247163
"515",514,352.88747267387,7.94163836502654,337.322147500177,368.452797847564
"516",515,352.979880385041,7.93865903472889,337.420394591429,368.539366178653
"517",516,353.072239517618,7.935713796969,337.518526283941,368.625952751295
"518",517,353.164550677666,7.93280264599143,337.616543195059,368.712558160273
"519",518,353.256814470262,7.92992557645519,337.714445940327,368.799183000198
"520",519,353.349031499528,7.9270825834273,337.812235133536,368.885827865521
"521",520,353.441202368651,7.92427366234711,337.909911386812,368.972493350491
"522",521,353.533327679914,7.92149880908956,338.007475310521,369.059180049306
"523",522,353.625408034718,7.91875801990366,338.10492751342,369.145888556017
"524",523,353.717444033615,7.91605129145009,338.202268602601,369.232619464629
"525",524,353.809436276327,7.91337862078734,338.299499183554,369.319373369099
"526",525,353.901385361774,7.91074000537252,338.396619860184,369.406150863365
"527",526,353.993291888106,7.90813544306212,338.493631234839,369.492952541372
"528",527,354.085156452719,7.9055649320907,338.590533908379,369.57977899706
"529",528,354.17697965229,7.90302847113053,338.687328480079,369.6666308245
"530",529,354.268762082797,7.90052605919652,338.784015547852,369.753508617742
"531",530,354.360504339549,7.89805769574639,338.880595708066,369.840412971031
"532",531,354.452207017208,7.89562338060758,338.977069555725,369.927344478692
"533",532,354.543870709821,7.89322311401481,339.073437684412,370.014303735229
"534",533,354.635496010837,7.89085689659216,339.169700686357,370.101291335317
"535",534,354.727083513141,7.88852472935369,339.265859152454,370.188307873828
"536",535,354.818633809077,7.88622661372612,339.361913672253,370.275353945901
"537",536,354.910147490471,7.88396255150876,339.457864834052,370.362430146891
"538",537,355.001625148662,7.88173254490721,339.553713224867,370.449537072458
"539",538,355.093067374524,7.87953659652647,339.649459430466,370.536675318581
"540",539,355.184474758491,7.8773747093529,339.745104035433,370.62384548155
"541",540,355.275847890589,7.87524688677683,339.840647623145,370.711048158033
"542",541,355.367187360453,7.87315313258184,339.936090775824,370.798283945083
"543",542,355.458493757361,7.87109345094145,340.031434074567,370.885553440156
"544",543,355.549767670255,7.86906784642688,340.126678099356,370.972857241153
"545",544,355.641009687765,7.867076324011,340.221823429076,371.060195946455
"546",545,355.732220398243,7.86511888905021,340.316870641579,371.147570154907
"547",546,355.82340038978,7.86319554730315,340.41182031367,371.23498046589
"548",547,355.914550250236,7.86130630492357,340.506673021149,371.322427479324
"549",548,356.005670567268,7.85945116846053,340.601429338834,371.409911795701
"550",549,356.096761928349,7.85763014485861,340.69608984059,371.497434016108
"551",550,356.187824920801,7.85584324146546,340.790655099337,371.584994742266
"552",551,356.278860131819,7.85409046602456,340.885125687092,371.672594576547
"553",552,356.369868148495,7.85237182666421,340.979502175016,371.760234121974
"554",553,356.460849557844,7.85068733192724,341.073785133382,371.847913982306
"555",554,356.551804946834,7.84903699075631,341.167975131629,371.935634762039
"556",555,356.642734902407,7.84742081247906,341.262072738418,372.023397066396
"557",556,356.73364001151,7.84583880684525,341.356078521587,372.111201501433
"558",557,356.824520861117,7.84429098397848,341.449993048267,372.199048673967
"559",558,356.915378038259,7.84277735443187,341.543816884806,372.286939191712
"560",559,357.006212130046,7.84129792914713,341.637550596869,372.374873663223
"561",560,357.097023723698,7.8398527194656,341.731194749447,372.462852697949
"562",561,357.187813406569,7.83844173715418,341.824749906831,372.550876906306
"563",562,357.278581766172,7.83706499435684,341.918216632733,372.638946899611
"564",563,357.36932939021,7.83572250364654,342.011595490213,372.727063290208
"565",564,357.460056866599,7.83441427799522,342.104887041762,372.815226691436
"566",565,357.550764783495,7.83314033078853,342.198091849302,372.903437717689
"567",566,357.641453729323,7.83190067581067,342.291210474239,372.991696984407
"568",567,357.732124292801,7.83069532727388,342.384243477438,373.080005108164
"569",568,357.82277706297,7.82952429978467,342.477191419311,373.168362706629
"570",569,357.913412629218,7.82838760838069,342.570054859772,373.256770398664
"571",570,358.00403158131,7.82728526851178,342.662834358306,373.345228804314
"572",571,358.094634509412,7.82621729602844,342.755530474012,373.433738544813
"573",572,358.185222004124,7.82518370721489,342.848143765573,373.522300242674
"574",573,358.275794656499,7.8241845187775,342.940674791299,373.610914521698
"575",574,358.366353058078,7.82321974782201,343.033124109204,373.699582006952
"576",575,358.456897800915,7.8222894119051,343.125492276932,373.788303324898
"577",576,358.547429477604,7.82139352898184,343.217779851885,373.877079103323
"578",577,358.637948681307,7.82053211744977,343.309987391167,373.965909971448
"579",578,358.728456005784,7.81970519613715,343.402115451635,374.054796559934
"580",579,358.818952045419,7.8189127842801,343.494164589971,374.143739500868
"581",580,358.909437395249,7.8181549015703,343.586135362616,374.232739427882
"582",581,358.999912650991,7.81743156811344,343.678028325882,374.3217969761
"583",582,359.090378409075,7.81674280446201,343.769844035917,374.410912782233
"584",583,359.180835266666,7.81608863160346,343.861583048751,374.500087484582
"585",584,359.2712838217,7.81546907096313,343.953245920326,374.589321723074
"586",585,359.361724672906,7.81488414440729,344.044833206515,374.678616139297
"587",586,359.45215841984,7.81433387424228,344.136345463154,374.767971376527
"588",587,359.542585662913,7.81381828322116,344.227783246059,374.857388079768
"589",588,359.63300700342,7.81333739454659,344.319147111049,374.946866895791
"590",589,359.723423043568,7.81289123188484,344.410437613945,375.036408473191
"591",590,359.813834386509,7.81247981932388,344.501655310689,375.12601346233
"592",591,359.904241636369,7.81210318142091,344.592800757273,375.215682515465
"593",592,359.994645398275,7.81176134321625,344.683874509749,375.305416286801
"594",593,360.08504627839,7.81145433015784,344.774877124401,375.395215432379
"595",594,360.175444883939,7.81118216820454,344.865809157577,375.485080610302
"596",595,360.265841823245,7.81094488375424,344.956671165859,375.57501248063
"597",596,360.356237705752,7.81074250367632,345.04746370603,375.665011705474
"598",597,360.446633142065,7.81057505531798,345.138187335095,375.755078949035
"599",598,360.537028743974,7.81044256650304,345.22884261031,375.845214877639
"600",599,360.627425124491,7.81034506549726,345.319430089286,375.935420159695
"601",600,360.717822897875,7.81028258109279,345.409950329852,376.025695465897
"602",601,360.808222679671,7.81025514254356,345.500403890217,376.116041469125
"603",602,360.898625086738,7.8102627795789,345.59079132897,376.206458844506
"604",603,360.989030737282,7.81030552243575,345.681113205054,376.29694826951
"605",604,361.079440250889,7.81038340182004,345.771370077872,376.387510423906
"606",605,361.169854248557,7.81049644895375,345.861562507229,376.478145989884
"607",606,361.260273352729,7.81064469555108,345.951691053411,376.568855652048
"608",607,361.350698187329,7.81082817382447,346.041756277203,376.659640097456
"609",608,361.441129377792,7.81104691648683,346.131758739925,376.750500015658
"610",609,361.531567551097,7.81130095677235,346.22169900342,376.841436098774
"611",610,361.622013335805,7.81159032841257,346.311577630135,376.932449041475
"612",611,361.712467362093,7.8119150656683,346.401395183097,377.023539541089
"613",612,361.802930261783,7.81227520330936,346.491152225982,377.114708297585
"614",613,361.893402668384,7.81267077663897,346.580849323103,377.205956013665
"615",614,361.983885217122,7.81310182148829,346.670487039461,377.297283394783
"616",615,362.074378544978,7.81356837419977,346.760065940805,377.38869114915
"617",616,362.164883290722,7.81407047168125,346.849586593569,377.480179987875
"618",617,362.255400094951,7.81460815135565,346.939049565,377.571750624901
"619",618,362.345929600123,7.81518145119265,347.02845542314,377.663403777107
"620",619,362.436472450598,7.81579040973282,347.117804736808,377.755140164388
"621",620,362.527029292667,7.81643506604102,347.20709807573,377.846960509603
"622",621,362.617600774597,7.81711545974528,347.296336010505,377.938865538689
"623",622,362.708187546665,7.81783163103858,347.385519112632,378.030855980699
"624",623,362.798790261198,7.81858362069156,347.474647954528,378.122932567868
"625",624,362.889409572607,7.81937147002069,347.563723109626,378.215096035587
"626",625,362.98004613743,7.82019522093818,347.652745152319,378.307347122541
"627",626,363.070700614369,7.82105491592369,347.741714658049,378.39968657069
"628",627,363.161373664332,7.8219505980482,347.830632203306,378.492115125357
"629",628,363.252065950466,7.82288231096415,347.91949836568,378.584633535251
"630",629,363.342778138205,7.82385009892926,348.008313723863,378.677242552546
"631",630,363.433510895306,7.8248540067966,348.097078857701,378.769942932911
"632",631,363.524264891891,7.82589408002706,348.185794348213,378.862735435569
"633",632,363.615040800489,7.82697036468316,348.274460777647,378.95562082333
"634",633,363.705839296074,7.82808290745253,348.363078729474,379.048599862675
"635",634,363.796661056114,7.8292317556453,348.451648788432,379.141673323797
"636",635,363.887506760607,7.83041695718779,348.540171540587,379.234841980627
"637",636,363.978377092126,7.83163856064582,348.628647573325,379.328106610927
"638",637,364.069272735863,7.8328966152294,348.717077475388,379.421467996338
"639",638,364.160194379675,7.83419117078253,348.805461836939,379.51492692241
"640",639,364.251142714122,7.83552227781006,348.893801249553,379.608484178691
"641",640,364.342118432519,7.83688998746368,348.982096306288,379.702140558751
"642",641,364.433122230977,7.83829435155381,349.070347601707,379.795896860246
"643",642,364.524154808447,7.83973542258744,349.158555731853,379.889753885042
"644",643,364.615216866773,7.84121325371311,349.246721294397,379.983712439149
"645",644,364.706309110732,7.84272789877719,349.334844888581,380.077773332883
"646",645,364.797432248083,7.84427941231699,349.422927115273,380.171937380893
"647",646,364.888586989618,7.84586784956123,349.510968577017,380.266205402218
"648",647,364.979774049204,7.8474932664342,349.598969878073,380.360578220336
"649",648,365.07099414384,7.84915571958208,349.686931624413,380.455056663267
"650",649,365.162247993698,7.85085526635465,349.774854423806,380.54964156359
"651",650,365.253536322178,7.85259196484271,349.862738885798,380.644333758558
"652",651,365.344859855957,7.85436587384477,349.950585621821,380.739134090094
"653",652,365.436219325042,7.85617705291544,350.038395245157,380.834043404926
"654",653,365.527615462816,7.85802556233576,350.126168371043,380.929062554589
"655",654,365.619049006098,7.8599114631614,350.213905616628,381.024192395568
"656",655,365.710520695189,7.86183481720772,350.301607601059,381.119433789319
"657",656,365.802031273931,7.86379568703108,350.389274945568,381.214787602293
"658",657,365.893581489755,7.86579413599532,350.476908273398,381.310254706113
"659",658,365.985172093744,7.86783022824177,350.564508209915,381.405835977573
"660",659,366.076803840679,7.86990402869263,350.652075382655,381.501532298703
"661",660,366.168477489103,7.87201560307644,350.739610421336,381.59734455687
"662",661,366.260193801372,7.87416501794972,350.827113957866,381.693273644879
"663",662,366.351953543718,7.87635234065938,350.914586626478,381.789320460958
"664",663,366.443757486301,7.87857763940498,351.002029063665,381.885485908937
"665",664,366.535606403273,7.88084098320833,351.089441908298,381.981770898249
"666",665,366.627501072836,7.88314244194228,351.17682580163,382.078176344042
"667",666,366.7194422773,7.88548208633346,351.264181387351,382.174703167249
"668",667,366.811430803148,7.88785998796506,351.351509311642,382.271352294654
"669",668,366.903467441096,7.89027621930891,351.438810223177,382.368124659014
"670",669,366.995552986154,7.89273085371696,351.526084773201,382.465021199108
"671",670,367.087688237695,7.89522396542747,351.61333361558,382.56204285981
"672",671,367.179873999512,7.89775562958944,351.700557406818,382.659190592206
"673",672,367.272111079889,7.90032592225015,351.787756806151,382.756465353628
"674",673,367.364400291665,7.90293492041266,351.874932475492,382.853868107837
"675",674,367.456742452299,7.90558270198626,351.962085079603,382.951399824995
"676",675,367.549138383941,7.90826934582167,352.049215286089,383.049061481794
"677",676,367.641588913501,7.91099493176445,352.136323765364,383.146854061638
"678",677,367.734094872713,7.91375954059053,352.223411190846,383.244778554581
"679",678,367.826657098214,7.91656325406684,352.31047823891,383.342835957518
"680",679,367.919276431607,7.91940615494183,352.397525588976,383.441027274238
"681",680,368.01195371954,7.92228832698008,352.484553923517,383.539353515563
"682",681,368.104689813776,7.92520985495266,352.571563928147,383.637815699405
"683",682,368.197485571269,7.92817082466044,352.658556291653,383.736414850885
"684",683,368.290341854239,7.93117132292797,352.745531706083,383.835152002395
"685",684,368.383259530248,7.93421143763757,352.832490866753,383.934028193743
"686",685,368.476239472279,7.93729125774493,352.919434472294,384.033044472264
"687",686,368.569282558813,7.94041087325436,353.006363224785,384.132201892842
"688",687,368.662389673912,7.94357037529277,353.093277829678,384.231501518145
"689",688,368.755561707294,7.94676985606267,353.180178995982,384.330944418605
"690",689,368.848799554422,7.95000940888297,353.267067436256,384.430531672587
"691",690,368.942104116583,7.95328912821863,353.35394386664,384.530264366525
"692",691,369.035476300974,7.95660910965162,353.440809006994,384.630143594955
"693",692,369.128917020789,7.95996944993963,353.527663580868,384.730170460709
"694",693,369.222427195301,7.96337024700135,353.61450831562,384.830346074981
"695",694,369.316007749956,7.96681159993834,353.701343942461,384.930671557451
"696",695,369.409659616461,7.97029360907491,353.788171196464,385.031148036458
"697",696,369.503383732873,7.97381637591023,353.874990816753,385.131776648992
"698",697,369.597181043692,7.97738000319815,353.961803546433,385.23255854095
"699",698,369.691052499955,7.9809845949501,354.048610132684,385.333494867226
"700",699,369.784999059333,7.98463025640875,354.135411326904,385.434586791763
"701",700,369.879021686224,7.98831709411998,354.222207884663,385.535835487785
"702",701,369.973121351852,7.99204521590255,354.309000565868,385.637242137837
"703",702,370.067299034368,7.99581473089787,354.395790134753,385.738807933982
"704",703,370.161555718947,7.99962574957582,354.482577359979,385.840534077915
"705",704,370.255892397897,8.00347838374046,354.569363014721,385.942421781073
"706",705,370.350310070757,8.00737274656828,354.656147876696,386.044472264818
"707",706,370.444809744405,8.01130895260991,354.742932728266,386.146686760543
"708",707,370.539392433165,8.01528711781716,354.829718356495,386.249066509834
"709",708,370.634059158916,8.01930735954435,354.916505553252,386.35161276458
"710",709,370.728810951205,8.02336979660042,355.003295115221,386.454326787188
"711",710,370.823648847354,8.02747454923174,355.090087844048,386.55720985066
"712",711,370.91857389258,8.03162173916652,355.176884546364,386.660263238795
"713",712,371.013587140107,8.03581148962638,355.263686033886,386.763488246327
"714",713,371.108689651286,8.04004392533041,355.350493123518,386.866886179054
"715",714,371.203882495715,8.04431917254616,355.437306637379,386.97045835405
"716",715,371.299166751359,8.04863735909702,355.524127402905,387.074206099813
"717",716,371.394543504676,8.05299861435842,355.610956252982,387.178130756369
"718",717,371.490013850739,8.05740306931906,355.697794025951,387.282233675526
"719",718,371.585578893368,8.06185085659841,355.784641565702,387.386516221034
"720",719,371.681239745259,8.0663421104207,355.871499721856,387.490979768663
"721",720,371.776997528114,8.07087696668985,355.958369349748,387.59562570648
"722",721,371.872853372775,8.07545556299905,356.045251310543,387.700455435007
"723",722,371.968808419365,8.08007803865467,356.132146471329,387.805470367401
"724",723,372.064863817421,8.08474453467098,356.219055705259,387.910671929584
"725",724,372.16102072604,8.08945519384763,356.305979891548,388.016061560532
"726",725,372.257280314018,8.09421016073149,356.392919915686,388.12164071235
"727",726,372.35364376,8.09900958171871,356.479876669386,388.227410850613
"728",727,372.450112252624,8.10385360499459,356.56685105085,388.333373454399
"729",728,372.546686990678,8.10874238063135,356.653843964727,388.439530016629
"730",729,372.643369183247,8.11367606056357,356.740856322318,388.545882044176
"731",730,372.740160049874,8.11865479865298,356.827889041601,388.652431058147
"732",731,372.837060820717,8.12367875068487,356.914943047401,388.759178594032
"733",732,372.934072736709,8.12874807441441,357.002019271458,388.866126201961
"734",733,373.031197049727,8.13386292961261,357.089118652501,388.973275446953
"735",734,373.128435022755,8.1390234780261,357.176242136498,389.080627909012
"736",735,373.225787930056,8.14422988350476,357.263390676572,389.18818518354
"737",736,373.323257057347,8.14948231193952,357.350565233299,389.295948881394
"738",737,373.420843701972,8.15478093136776,357.437766774677,389.403920629267
"739",738,373.518549173085,8.16012591194266,357.524996276365,389.512102069804
"740",739,373.616374791831,8.16551742600941,357.612254721718,389.620494861943
"741",740,373.714321891533,8.17095564812023,357.699543101943,389.729100681122
"742",741,373.81239181788,8.1764407550599,357.786862416237,389.837921219523
"743",742,373.910585929123,8.18197292589226,357.874213671892,389.946958186353
"744",743,374.008905596268,8.18755234199204,357.961597884427,390.056213308109
"745",744,374.10735220328,8.19317918706214,358.049016077755,390.165688328805
"746",745,374.205927147282,8.19885364720742,358.136469284241,390.275385010324
"747",746,374.304631838768,8.20457591092632,358.223958544928,390.385305132609
"748",747,374.403467701811,8.21034616918378,358.311484909604,390.495450494018
"749",748,374.502436174278,8.21616461541634,358.39904943701,390.605822911547
"750",749,374.601538708053,8.2220314456077,358.486653194906,390.7164242212
"751",750,374.700776769258,8.22794685828591,358.574297260308,390.827256278207
"752",751,374.800151838479,8.23391105460513,358.661982719547,390.938320957411
"753",752,374.899665411005,8.23992423834549,358.749710668509,391.049620153501
"754",753,374.999318997057,8.24598661598683,358.837482212723,391.16115578139
"755",754,375.099114122034,8.25209839674297,358.925298467537,391.272929776531
"756",755,375.199052326757,8.25825979258506,359.013160558315,391.384944095199
"757",756,375.299135167721,8.26447101831021,359.101069620558,391.497200714885
"758",757,375.39936421735,8.2707322915708,359.189026800099,391.609701634601
"759",758,375.499741064256,8.27704383293159,359.27703325325,391.722448875261
"760",759,375.600267313506,8.28340586590503,359.365090147004,391.835444480008
"761",760,375.700944586895,8.28981861699666,359.453198659211,391.948690514578
"762",761,375.801774523218,8.29628231578511,359.541359978702,392.062189067733
"763",762,375.902758778555,8.30279719491716,359.629575305577,392.175942251533
"764",763,376.003899026559,8.30936349020063,359.717845851314,392.289952201804
"765",764,376.105196958746,8.3159814406474,359.806172838973,392.404221078518
"766",765,376.206654284796,8.32265128851248,359.894557503425,392.518751066166
"767",766,376.308272732858,8.32937327935336,359.983001091536,392.633544374181
"768",767,376.410054049865,8.33614766209926,360.071504862343,392.748603237387
"769",768,376.512000001844,8.3429746890952,360.160070087288,392.8639299164
"770",769,376.614112374248,8.34985461613849,360.248698050471,392.979526698025
"771",770,376.716392972283,8.35678770257735,360.337390048784,393.095395895782
"772",771,376.818843621248,8.363774211339,360.426147392198,393.211539850297
"773",772,376.921466166877,8.37081440900938,360.51497140395,393.327960929804
"774",773,377.024262475696,8.37790856587724,360.603863420807,393.444661530585
"775",774,377.127234435378,8.38505695601582,360.69282479327,393.561644077486
"776",775,377.230383955115,8.39225985733587,360.781856885835,393.678911024394
"777",776,377.333712965987,8.39951755164142,360.870961077258,393.796464854717
"778",777,377.437223421352,8.40683032473327,360.960138760736,393.914308081969
"779",778,377.540917297233,8.41419846643533,361.049391344248,394.032443250218
"780",779,377.644796592717,8.42162227068948,361.138720250766,394.150872934669
"781",780,377.748863330369,8.42910203562872,361.228126918523,394.269599742214
"782",781,377.853119556642,8.43663806363211,361.317612801323,394.388626311961
"783",782,377.95756734231,8.44423066142032,361.407179368777,394.507955315843
"784",783,378.062208782899,8.45188014012253,361.49682810661,394.627589459189
"785",784,378.167045999137,8.45958681534588,361.586560516969,394.747531481305
"786",785,378.272081137405,8.46735100728866,361.67637811866,394.86778415615
"787",786,378.377316370205,8.47517304076988,361.766282447552,394.988350292859
"788",787,378.482753896637,8.48305324536785,361.85627505678,395.109232736494
"789",788,378.588395942882,8.49099195546831,361.946357517145,395.230434368619
"790",789,378.694244762704,8.49898951036643,362.036531417402,395.351958108006
"791",790,378.800302637957,8.50704625436762,362.12679836458,395.473806911333
"792",791,378.906571879103,8.51516253683923,362.217159984394,395.595983773813
"793",792,379.013054825753,8.52333871236377,362.307617921484,395.718491730022
"794",793,379.119753847201,8.53157514078483,362.398173839865,395.841333854536
"795",794,379.22667134299,8.53987218732349,362.48882942326,395.964513262719
"796",795,379.333809743478,8.54823022268332,362.579586375462,396.088033111494
"797",796,379.441171510427,8.55664962317081,362.670446420684,396.21189660017
"798",797,379.548759137594,8.56513077073977,362.761411304068,396.336106971119
"799",798,379.656575151347,8.57367405316697,362.852482791954,396.46066751074
"800",799,379.764622111292,8.58227986413784,362.943662672339,396.585581550245
"801",800,379.872902610913,8.59094860334431,363.034952755324,396.710852466503
"802",801,379.981419278229,8.59968067663212,363.126354873485,396.836483682973
"803",802,380.090174776467,8.60847649607182,363.217870882406,396.962478670527
"804",803,380.19917180475,8.61733648014688,363.309502660999,397.088840948501
"805",804,380.308413098806,8.62626105381809,363.401252112082,397.21557408553
"806",805,380.417901431689,8.63525064869124,363.493121162778,397.3426817006
"807",806,380.527639614518,8.64430570312553,363.585111765038,397.470167463999
"808",807,380.637630497243,8.65342666237396,363.677225896131,397.598035098354
"809",808,380.747876969415,8.66261397872856,363.769465559134,397.726288379696
"810",809,380.858381960991,8.67186811166701,363.861832783443,397.85493113854
"811",810,380.969148443151,8.6811895279571,363.954329625388,397.983967260913
"812",811,381.080179429131,8.6905787018665,364.046958168662,398.1134006896
"813",812,381.191477975091,8.70003611526647,364.139720524971,398.243235425211
"814",813,381.303047180992,8.70956225781051,364.232618834574,398.37347552741
"815",814,381.414890191504,8.71915762709072,364.325655266879,398.50412511613
"816",815,381.527010196934,8.72882272879852,364.418832021054,398.635188372813
"817",816,381.639410434174,8.73855807689978,364.512151326639,398.766669541709
"818",817,381.752094187687,8.74836419381082,364.605615444178,398.898572931196
"819",818,381.865064790502,8.75824161056522,364.699226665894,399.03090291511
"820",819,381.978325625251,8.7681908669948,364.792987316368,399.163663934134
"821",820,382.09188012522,8.77821251194445,364.88689975317,399.29686049727
"822",821,382.20573177544,8.78830710342445,364.98096636765,399.430497183229
"823",822,382.319884113797,8.79847520884627,365.075189585589,399.564578642004
"824",823,382.434340732181,8.80871740520235,365.169571867993,399.699109596368
"825",824,382.54910527766,8.81903427927941,365.264115711849,399.834094843472
"826",825,382.664181453692,8.82942642788182,365.358823650898,399.969539256487
"827",826,382.779573021361,8.83989445803859,365.45369825647,400.105447786251
"828",827,382.895283800657,8.85043898724664,365.548742138284,400.241825463029
"829",828,383.011317671789,8.86106064369088,365.643957945329,400.378677398248
"830",829,383.12767857653,8.87176006649046,365.739348366729,400.516008786332
"831",830,383.244370519609,8.88253790593807,365.834916132659,400.653824906559
"832",831,383.36139757013,8.89339482375849,365.930664015269,400.792131124992
"833",832,383.478763863046,8.90433149339603,366.026594829584,400.930932896508
"834",833,383.596473600662,8.91534860022259,366.122711434606,401.070235766717
"835",834,383.714531054192,8.92644684185966,366.219016734235,401.210045374148
"836",835,383.832940565354,8.93762692846624,366.315513678305,401.350367452404
"837",836,383.951706548018,8.94888958299977,366.412205263713,401.491207832323
"838",837,384.070833489894,8.96023554155064,366.509094535459,401.632572444329
"839",838,384.190325954279,8.97166555362637,366.606184587832,401.774467320725
"840",839,384.310188581849,8.98318038248309,366.703478565555,401.916898598142
"841",840,384.430426092512,8.99478080546479,366.800979664968,402.059872520055
"842",841,384.551043287308,9.00646761432765,366.898691135299,402.203395439316
"843",842,384.672045050376,9.01824161559144,366.996616279936,402.347473820815
"844",843,384.793436350973,9.03010363091759,367.094758457711,402.492114244236
"845",844,384.915222245562,9.042054497446,367.19312108432,402.637323406805
"846",845,385.037407879958,9.05409506821617,367.291707633653,402.783108126264
"847",846,385.159998491547,9.06622621254982,367.390521639257,402.929475343838
"848",847,385.282999411572,9.07844881644645,367.489566695847,403.076432127297
"849",848,385.406416067489,9.09076378302686,367.588846460795,403.223985674183
"850",849,385.530253985403,9.10317203293445,367.688364655779,403.372143315027
"851",850,385.654518792576,9.1156745048287,367.788125068322,403.520912516831
"852",851,385.779216220023,9.12827215580716,367.888131553561,403.670300886485
"853",852,385.904352105184,9.1409659619093,367.988388035935,403.820316174433
"854",853,386.02993239469,9.15375691859954,368.088898511001,403.97096627838
"855",854,386.155963147217,9.16664604127704,368.189667047287,404.122259247146
"856",855,386.282450536433,9.17963436581194,368.290697788196,404.274203284671
"857",856,386.40940085405,9.19272294908522,368.391994953988,404.426806754112
"858",857,386.536820512968,9.20591286954802,368.49356284384,404.580078182096
"859",858,386.664716050535,9.21920522781239,368.595405837939,404.734026263131
"860",859,386.793094131913,9.23260114724154,368.697528399696,404.88865986413
"861",860,386.92196155356,9.24610177458974,368.799935077972,405.043988029148
"862",861,387.051325246834,9.25970828064704,368.902630509419,405.20001998425
"863",862,387.181192281721,9.27342186087605,369.005619420958,405.356765142485
"864",863,387.311569870693,9.28724373615331,369.108906632187,405.514233109199
"865",864,387.442465372705,9.30117515344188,369.21249705806,405.67243368735
"866",865,387.573886297331,9.31521738656736,369.316395711497,405.831376883164
"867",866,387.705840309051,9.32937173695252,369.420607706239,405.991072911864
"868",867,387.838335231693,9.34363953443824,369.52513825967,406.151532203717
"869",868,387.97137905303,9.35802213810259,369.629992695821,406.31276541024
"870",869,388.104979929558,9.37252093711797,369.735176448459,406.474783410657
"871",870,388.239146191436,9.38713735163316,369.840695064305,406.637597318568
"872",871,388.373886347625,9.40187283370755,369.946554206333,406.801218488917
"873",872,388.509209091206,9.4167288682532,370.052759657251,406.96565852516
"874",873,388.645123304907,9.43170697402442,370.159317323084,407.130929286731
"875",874,388.781638066844,9.44680870467548,370.266233236841,407.297042896847
"876",875,388.918762656469,9.46203564980517,370.373513562417,407.464011750522
"877",876,389.056506560766,9.47738943607698,370.481164598594,407.631848522937
"878",877,389.194879480672,9.49287172836754,370.589192783213,407.800566178131
"879",878,389.333891337767,9.50848423099146,370.697604697456,407.970177978077
"880",879,389.473552281215,9.52422868893072,370.806407070388,408.140697492042
"881",880,389.613872694995,9.54010688913225,370.915606783633,408.312138606357
"882",881,389.754863205414,9.55612066188115,371.025210876208,408.48451553462
"883",882,389.896534688933,9.57227188219347,371.135226549608,408.657842828258
"884",883,390.038898280311,9.58856247129738,371.245661173056,408.832135387566
"885",884,390.181965381088,9.60499439814025,371.356522289024,409.007408473152
"886",885,390.325747668419,9.62156968099331,371.467817618929,409.183677717908
"887",886,390.470257104284,9.63829038913063,371.579555069049,409.360959139519
"888",887,390.615505945091,9.65515864451437,371.691742736822,409.539269153359
"889",888,390.761506751683,9.67217662365385,371.804388917211,409.718624586155
"890",889,390.908272399787,9.68934655945206,371.917502109534,409.89904269004
"891",890,391.055816090916,9.70667074318867,372.031091024477,410.080541157354
"892",891,391.204151363748,9.72415152657696,372.145164591447,410.263138136049
"893",892,391.353292106016,9.74179132390437,372.259731966259,410.446852245774
"894",893,391.503252566934,9.75959261427552,372.374802539171,410.631702594698
"895",894,391.654047370176,9.77755794396973,372.490385943242,410.81770879711
"896",895,391.805691527459,9.79568992888666,372.60649206312,411.004890991799
"897",896,391.95820045275,9.81399125712474,372.723131044194,411.193269861305
"898",897,392.111589977133,9.83246469165968,372.840313302218,411.382866652048
"899",898,392.265876364382,9.85111307315243,372.958049533372,411.573703195393
"900",899,392.421076327268,9.86993932294524,373.0763507247,411.765801929837
"901",900,392.577207044656,9.88894644610012,373.195228165255,411.959185924058
"902",901,392.734286179425,9.90813753469739,373.314693457549,412.153878901302
"903",902,392.892331897273,9.9275157712012,373.434758529765,412.349905264781
"904",903,393.051362886447,9.9470844320497,373.55543564845,412.547290124443
"905",904,393.211398378467,9.96684689144113,373.676737431817,412.746059325116
"906",905,393.372458169891,9.98680662522587,373.798676863882,412.9462394759
"907",906,393.534562645199,10.006967215107,373.921267309116,413.147857981281
"908",907,393.697732800851,10.0273323529881,374.044522527981,413.350943073721
"909",908,393.861990270612,10.0479058455703,374.168456693245,413.555523847979
"910",909,394.027357352201,10.0686916191888,374.293084407151,413.761630297252
"911",910,394.193857035375,10.0896937249399,374.418420719453,413.969293351297
"912",911,394.361513031516,10.1109163440144,374.54448114655,414.178544916481
"913",912,394.530349804845,10.1323637934396,374.671281691446,414.389417918244
"914",913,394.700392605351,10.1540405319866,374.798838865098,414.601946345605
"915",914,394.871667503563,10.1759511665768,374.927169708634,414.816165298492
"916",915,395.044201427283,10.1981004589127,375.056291817092,415.032111037473
"917",916,395.218022200423,10.2204933325877,375.18622336432,415.249821036527
"918",917,395.393158584091,10.2431348805409,375.316983129445,415.469334038737
"919",918,395.569640320074,10.2660303730089,375.448590524782,415.690690115366
"920",919,395.747498176909,10.2891852659124,375.581065625461,415.913930728358
"921",920,395.926763998716,10.312605209761,375.714429200804,416.139098796628
"922",921,396.107470756995,10.3362960591103,375.848702747596,416.366238766395
"923",922,396.289652605621,10.3602638826066,375.983908525381,416.595396685861
"924",923,396.473344939258,10.38451497364,376.120069594007,416.826620284509
"925",924,396.658584455471,10.4090558617236,376.257209853427,417.059959057514
"926",925,396.84540922081,10.433893324524,376.39535408621,417.29546435541
"927",926,397.033858741184,10.4590344007721,376.534528002606,417.533189479763
"928",927,397.223974036864,10.4844864039702,376.674758288682,417.773189785045
"929",928,397.415797722479,10.5102569370371,376.816072657624,418.015522787334
"930",929,397.609374092432,10.536353907939,376.958499904504,418.260248280361
"931",930,397.804749212165,10.5627855464227,377.102069964757,418.507428459574
"932",931,398.001971015777,10.5895604218849,377.246813976772,418.757128054782
"933",932,398.201089410526,10.6166874625655,377.392764348779,419.009414472272
"934",933,398.402156388826,10.644175976068,377.539954830626,419.264357947025
"935",934,398.60522614838,10.6720356714147,377.68842059068,419.522031706079
"936",935,398.810355221183,10.7002766827414,377.838198298397,419.78251214397
"937",936,399.017602612202,10.7289095947757,377.989326213055,420.045879011348
"938",937,399.227029948606,10.7579454702447,378.141844279281,420.312215617932
"939",938,399.438701640561,10.7873958794773,378.29579422981,420.581609051313
"940",939,399.652685054653,10.8172729323021,378.4512196964,420.854150412905
"941",940,399.869050701185,10.8475893125137,378.608166329576,421.129935072793
"942",941,400.087872436702,10.878358315183,378.766681928021,421.409062945382
"943",942,400.309227683256,10.9095938870825,378.926816578616,421.691638787896
"944",943,400.533197666122,10.941310670489,379.0886228083,421.977772523945
"945",944,400.759867671872,10.9735240508109,379.252155748799,422.267579594946
"946",945,400.989327328937,11.0062502083803,379.417473315675,422.561181342198
"947",946,401.221670913084,11.039506174867,379.584636403237,422.858705422931
"948",947,401.456997680524,11.0733098948341,379.753709096998,423.16028626405
"949",948,401.695412231712,11.1076802930329,379.924758905583,423.466065557842
"950",949,401.937024909345,11.1426373479915,380.09785701449,423.776192804199
"951",950,402.181952234486,11.1782021728124,380.273078563866,424.090825905105
"952",951,402.430317385346,11.214397103829,380.450502953511,424.410131817181
"953",952,402.682250723836,11.2512457982239,380.63021417811,424.734287269563
"954",953,402.937890375778,11.2887733416433,380.812301196522,425.063479555035
"955",954,403.197382871521,11.327006367096,380.996858339357,425.397907403685
"956",955,403.460883854712,11.3659731865935,381.183985759741,425.737781949683
"957",956,403.728558868178,11.4057039371991,381.373789932941,426.083327803415
"958",957,404.000584227284,11.446230743468,381.566384211351,426.434784243216
"959",958,404.277147992781,11.4875878984782,381.761889442526,426.792406543037
"960",959,404.558451057181,11.5298120661721,381.960434658969,427.156467455394
"961",960,404.844708361021,11.5729425080509,382.162157850088,427.527258871953
"962",961,405.136150258251,11.6170213378046,382.367206828521,427.905093687982
"963",962,405.433024053398,11.6620938082673,382.575740204867,428.29030790193
"964",963,405.735595737262,11.7082086356151,382.787928487976,428.683262986549
"965",964,406.044151952972,11.7554183669442,383.003955330561,429.084348575384
"966",965,406.35900223033,11.8037797982859,383.224018944248,429.493985516412
"967",966,406.680481533916,11.8533544517687,383.448333712462,429.91262935537
"968",967,407.008953179728,11.904209122237,383.67713203571,430.340774323746
"969",968,407.344812186674,11.9564165058822,383.910666450985,430.778957922364
"970",969,407.688489143647,12.0100559262942,384.149212075798,431.227766211495
"971",970,408.040454691055,12.0652141765805,384.393069439195,431.687839942915
"972",971,408.401224738659,12.1219865007834,384.642567776043,432.159881701276
"973",972,408.771366570816,12.1804777433565,384.898068879346,432.644664262287
"974",973,409.151506027936,12.2408037025397,385.159971629134,433.143040426738
"975",974,409.542336001736,12.3030927329942,385.42871734661,433.655954656861
"976",975,409.944626545752,12.3674876551894,385.704796162337,434.184456929167
"977",976,410.35923698689,12.4341480451113,385.988754640033,434.729719333747
"978",977,410.787130536306,12.5032529995905,386.281204967516,435.293056105096
"979",978,411.229392049729,12.5750045016219,386.582836121121,435.875947978337
"980",979,411.687249794613,12.6496315498458,386.894427539213,436.480072050012
"981",980,412.162102368239,12.7273952715534,387.216866018989,437.107338717489
"982",981,412.655552313201,12.8085953161306,387.551166801036,437.759937825365
"983",982,413.169448549899,12.8935779362091,387.898500163068,438.440396936729
"984",983,413.705940576367,12.9827463244021,388.26022536012,439.151655792615
"985",984,414.267548612252,13.0765740103286,388.637934510835,439.897162713668
"986",985,414.857255712429,13.1756224807117,389.033510176338,440.68100124852
"987",986,415.478630727249,13.2805647378253,389.449202146758,441.508059307739
"988",987,416.135995499428,13.3922173877094,389.887731746386,442.384259252469
"989",988,416.834657041993,13.5115852793901,390.352436520347,443.316877563639
"990",989,417.581237830479,13.6399251286127,390.847475826575,444.314999834382
"991",990,418.384159024803,13.7788387892221,391.378131249145,445.390186800462
"992",991,419.254371107025,13.930414587967,391.951260224899,446.557481989152
"993",992,420.206502909779,14.0974501162607,392.576008408058,447.8369974115
"994",993,421.260757052546,14.2838206907169,393.264982937113,449.256531167979
"995",994,422.446228029205,14.4951261933,394.036302738974,450.856153319436
"996",995,423.8071698541,14.7399167788277,394.91746383248,452.69687587572
"997",996,425.416098106439,15.0322643972044,395.953401281835,454.878794931044
"998",997,427.405388489238,15.3979910834986,397.225880531312,457.584896447164
"999",998,430.062332194735,15.8935048086619,398.911635181644,461.213029207827
"1000",999,434.259706761153,16.6917638352005,401.544450805712,466.974962716594
